date,variant,fold,true_label,pred_label
2014-02-27,base_plus_regime,1,flat,up
2014-02-28,base_plus_regime,1,flat,up
2014-03-03,base_plus_regime,1,flat,up
2014-03-04,base_plus_regime,1,flat,up
2014-03-05,base_plus_regime,1,flat,up
2014-03-06,base_plus_regime,1,flat,up
2014-03-07,base_plus_regime,1,flat,up
2014-03-10,base_plus_regime,1,flat,up
2014-03-11,base_plus_regime,1,down,up
2014-03-12,base_plus_regime,1,down,down
2014-03-13,base_plus_regime,1,flat,down
2014-03-14,base_plus_regime,1,flat,down
2014-03-17,base_plus_regime,1,up,down
2014-03-18,base_plus_regime,1,up,down
2014-03-19,base_plus_regime,1,up,down
2014-03-20,base_plus_regime,1,up,down
2014-03-21,base_plus_regime,1,up,down
2014-03-24,base_plus_regime,1,flat,down
2014-03-25,base_plus_regime,1,down,down
2014-03-26,base_plus_regime,1,flat,down
2014-03-27,base_plus_regime,1,flat,down
2014-03-28,base_plus_regime,1,flat,down
2014-03-31,base_plus_regime,1,down,down
2014-04-01,base_plus_regime,1,down,down
2014-04-02,base_plus_regime,1,down,down
2014-04-03,base_plus_regime,1,down,down
2014-04-04,base_plus_regime,1,down,down
2014-04-07,base_plus_regime,1,flat,down
2014-04-08,base_plus_regime,1,flat,down
2014-04-09,base_plus_regime,1,down,down
2014-04-10,base_plus_regime,1,flat,down
2014-04-11,base_plus_regime,1,up,down
2014-04-14,base_plus_regime,1,up,down
2014-04-15,base_plus_regime,1,up,down
2014-04-16,base_plus_regime,1,up,down
2014-04-17,base_plus_regime,1,up,down
2014-04-21,base_plus_regime,1,up,down
2014-04-22,base_plus_regime,1,up,down
2014-04-23,base_plus_regime,1,up,up
2014-04-25,base_plus_regime,1,up,up
2014-04-28,base_plus_regime,1,flat,flat
2014-04-29,base_plus_regime,1,flat,flat
2014-04-30,base_plus_regime,1,flat,flat
2014-05-01,base_plus_regime,1,flat,down
2014-05-02,base_plus_regime,1,flat,down
2014-05-05,base_plus_regime,1,flat,down
2014-05-06,base_plus_regime,1,flat,down
2014-05-07,base_plus_regime,1,flat,up
2014-05-08,base_plus_regime,1,flat,down
2014-05-09,base_plus_regime,1,flat,up
2014-05-12,base_plus_regime,1,flat,up
2014-05-13,base_plus_regime,1,flat,up
2014-05-14,base_plus_regime,1,flat,up
2014-05-15,base_plus_regime,1,up,up
2014-05-16,base_plus_regime,1,up,up
2014-05-19,base_plus_regime,1,up,up
2014-05-20,base_plus_regime,1,up,up
2014-05-21,base_plus_regime,1,up,up
2014-05-22,base_plus_regime,1,up,up
2014-05-23,base_plus_regime,1,up,up
2014-05-27,base_plus_regime,1,up,up
2014-05-28,base_plus_regime,1,up,up
2014-05-29,base_plus_regime,1,up,up
2014-05-30,base_plus_regime,1,up,down
2014-06-02,base_plus_regime,1,up,up
2014-06-03,base_plus_regime,1,up,down
2014-06-04,base_plus_regime,1,up,down
2014-06-05,base_plus_regime,1,up,down
2014-06-06,base_plus_regime,1,up,down
2014-06-09,base_plus_regime,1,down,down
2014-06-10,base_plus_regime,1,down,flat
2014-06-11,base_plus_regime,1,down,flat
2014-06-12,base_plus_regime,1,flat,down
2014-06-13,base_plus_regime,1,flat,down
2014-06-16,base_plus_regime,1,flat,flat
2014-06-17,base_plus_regime,1,down,flat
2014-06-18,base_plus_regime,1,down,down
2014-06-19,base_plus_regime,1,down,down
2014-06-20,base_plus_regime,1,flat,down
2014-06-23,base_plus_regime,1,up,flat
2014-06-24,base_plus_regime,1,up,flat
2014-06-25,base_plus_regime,1,up,flat
2014-06-26,base_plus_regime,1,up,flat
2014-06-27,base_plus_regime,1,up,down
2014-06-30,base_plus_regime,1,up,flat
2014-07-01,base_plus_regime,1,up,flat
2014-07-02,base_plus_regime,1,up,flat
2014-07-03,base_plus_regime,1,up,flat
2014-07-07,base_plus_regime,1,flat,down
2014-07-08,base_plus_regime,1,flat,down
2014-07-09,base_plus_regime,1,flat,flat
2014-07-10,base_plus_regime,1,up,down
2014-07-11,base_plus_regime,1,up,flat
2014-07-14,base_plus_regime,1,down,down
2014-07-15,base_plus_regime,1,down,down
2014-07-16,base_plus_regime,1,down,down
2014-07-17,base_plus_regime,1,up,down
2014-07-18,base_plus_regime,1,up,flat
2014-07-21,base_plus_regime,1,up,flat
2014-07-22,base_plus_regime,1,up,up
2014-07-23,base_plus_regime,1,up,up
2014-07-24,base_plus_regime,1,up,up
2014-07-25,base_plus_regime,1,down,up
2014-07-28,base_plus_regime,1,down,up
2014-07-29,base_plus_regime,1,down,up
2014-07-30,base_plus_regime,1,down,up
2014-07-31,base_plus_regime,1,flat,up
2014-08-01,base_plus_regime,1,flat,up
2014-08-04,base_plus_regime,1,flat,up
2014-08-05,base_plus_regime,1,flat,up
2014-08-06,base_plus_regime,1,up,up
2014-08-07,base_plus_regime,1,up,up
2014-08-08,base_plus_regime,1,up,up
2014-08-11,base_plus_regime,1,up,up
2014-08-12,base_plus_regime,1,up,up
2014-08-13,base_plus_regime,1,up,up
2014-08-14,base_plus_regime,1,up,up
2014-08-15,base_plus_regime,1,up,up
2014-08-18,base_plus_regime,1,up,up
2014-08-19,base_plus_regime,1,flat,up
2014-08-20,base_plus_regime,1,up,flat
2014-08-21,base_plus_regime,1,up,flat
2014-08-22,base_plus_regime,1,flat,down
2014-08-25,base_plus_regime,1,up,flat
2014-08-26,base_plus_regime,1,up,flat
2014-08-27,base_plus_regime,1,down,down
2014-08-28,base_plus_regime,1,down,down
2014-08-29,base_plus_regime,1,down,flat
2014-09-02,base_plus_regime,1,down,down
2014-09-03,base_plus_regime,1,flat,down
2014-09-04,base_plus_regime,1,up,down
2014-09-05,base_plus_regime,1,up,down
2014-09-08,base_plus_regime,1,up,down
2014-09-09,base_plus_regime,1,up,up
2014-09-10,base_plus_regime,1,flat,up
2014-09-11,base_plus_regime,1,flat,flat
2014-09-12,base_plus_regime,1,flat,flat
2014-09-15,base_plus_regime,1,flat,flat
2014-09-16,base_plus_regime,1,flat,down
2014-09-17,base_plus_regime,1,flat,flat
2014-09-18,base_plus_regime,1,down,flat
2014-09-19,base_plus_regime,1,down,down
2014-09-22,base_plus_regime,1,down,flat
2014-09-23,base_plus_regime,1,down,down
2014-09-24,base_plus_regime,1,down,flat
2014-09-25,base_plus_regime,1,up,flat
2014-09-26,base_plus_regime,1,flat,flat
2014-09-29,base_plus_regime,1,flat,flat
2014-09-30,base_plus_regime,1,flat,flat
2014-10-01,base_plus_regime,1,flat,flat
2014-10-02,base_plus_regime,1,flat,flat
2014-10-03,base_plus_regime,1,flat,flat
2014-10-06,base_plus_regime,1,flat,flat
2014-10-07,base_plus_regime,1,up,up
2014-10-08,base_plus_regime,1,down,down
2014-10-09,base_plus_regime,1,down,down
2014-10-10,base_plus_regime,1,down,down
2014-10-13,base_plus_regime,1,down,down
2014-10-14,base_plus_regime,1,down,down
2014-10-15,base_plus_regime,1,up,down
2014-10-16,base_plus_regime,1,up,up
2014-10-17,base_plus_regime,1,up,up
2014-10-20,base_plus_regime,1,up,up
2014-10-21,base_plus_regime,1,up,up
2014-10-22,base_plus_regime,1,up,up
2014-10-23,base_plus_regime,1,up,up
2014-10-24,base_plus_regime,1,up,up
2014-10-27,base_plus_regime,1,up,up
2014-10-28,base_plus_regime,1,up,up
2014-10-29,base_plus_regime,1,flat,down
2014-10-30,base_plus_regime,1,up,up
2014-10-31,base_plus_regime,1,flat,up
2014-11-03,base_plus_regime,1,flat,down
2014-11-04,base_plus_regime,1,flat,flat
2014-11-05,base_plus_regime,1,up,up
2014-11-06,base_plus_regime,1,up,up
2014-11-07,base_plus_regime,1,up,up
2014-11-10,base_plus_regime,1,up,up
2014-11-11,base_plus_regime,1,up,up
2014-11-12,base_plus_regime,1,up,up
2014-11-13,base_plus_regime,1,up,up
2014-11-14,base_plus_regime,1,up,up
2014-11-17,base_plus_regime,1,up,up
2014-11-18,base_plus_regime,1,up,flat
2014-11-19,base_plus_regime,1,up,flat
2014-11-20,base_plus_regime,1,up,down
2014-11-21,base_plus_regime,1,up,down
2014-11-24,base_plus_regime,1,down,flat
2014-11-25,base_plus_regime,1,down,down
2014-11-26,base_plus_regime,1,down,flat
2014-11-28,base_plus_regime,1,down,flat
2014-12-01,base_plus_regime,1,down,down
2014-12-02,base_plus_regime,1,flat,down
2014-12-03,base_plus_regime,1,down,down
2014-12-04,base_plus_regime,1,down,down
2014-12-05,base_plus_regime,1,down,down
2014-12-08,base_plus_regime,1,down,down
2014-12-09,base_plus_regime,1,down,down
2014-12-10,base_plus_regime,1,down,down
2014-12-11,base_plus_regime,1,down,down
2014-12-12,base_plus_regime,1,down,down
2014-12-15,base_plus_regime,1,up,down
2014-12-16,base_plus_regime,1,up,down
2014-12-17,base_plus_regime,1,up,up
2014-12-18,base_plus_regime,1,flat,flat
2014-12-19,base_plus_regime,1,flat,flat
2014-12-22,base_plus_regime,1,flat,up
2014-12-23,base_plus_regime,1,flat,up
2014-12-24,base_plus_regime,1,down,flat
2014-12-26,base_plus_regime,1,down,flat
2014-12-29,base_plus_regime,1,down,flat
2014-12-30,base_plus_regime,1,down,flat
2014-12-31,base_plus_regime,1,down,flat
2015-01-02,base_plus_regime,1,down,flat
2015-01-05,base_plus_regime,1,up,flat
2015-01-06,base_plus_regime,1,up,flat
2015-01-07,base_plus_regime,1,up,flat
2015-01-08,base_plus_regime,1,down,up
2015-01-09,base_plus_regime,1,down,up
2015-01-12,base_plus_regime,1,down,up
2015-01-13,base_plus_regime,1,down,flat
2015-01-14,base_plus_regime,1,down,flat
2015-01-15,base_plus_regime,1,up,flat
2015-01-16,base_plus_regime,1,up,up
2015-01-20,base_plus_regime,1,up,up
2015-01-21,base_plus_regime,1,up,up
2015-01-22,base_plus_regime,1,down,up
2015-01-23,base_plus_regime,1,down,flat
2015-01-26,base_plus_regime,1,down,flat
2015-01-27,base_plus_regime,1,up,flat
2015-01-28,base_plus_regime,1,flat,flat
2015-01-29,base_plus_regime,1,flat,flat
2015-01-30,base_plus_regime,1,flat,flat
2015-02-02,base_plus_regime,1,flat,flat
2015-02-03,base_plus_regime,1,flat,down
2015-02-04,base_plus_regime,1,up,flat
2015-02-05,base_plus_regime,1,up,down
2015-02-06,base_plus_regime,1,up,up
2015-02-09,base_plus_regime,1,up,up
2015-02-10,base_plus_regime,1,up,up
2015-02-11,base_plus_regime,1,up,up
2015-02-12,base_plus_regime,1,flat,up
2015-02-13,base_plus_regime,1,up,up
2015-02-17,base_plus_regime,1,up,up
2015-02-18,base_plus_regime,1,up,flat
2015-02-19,base_plus_regime,1,up,up
2015-02-20,base_plus_regime,1,up,up
2015-02-23,base_plus_regime,1,down,up
2015-02-24,base_plus_regime,1,down,flat
2015-02-25,base_plus_regime,1,flat,flat
2015-02-26,base_plus_regime,1,down,flat
2015-02-27,base_plus_regime,1,flat,flat
2015-03-02,base_plus_regime,1,flat,flat
2015-03-03,base_plus_regime,1,down,flat
2015-03-04,base_plus_regime,1,down,flat
2015-03-05,base_plus_regime,1,down,flat
2015-03-06,base_plus_regime,1,down,flat
2015-03-09,base_plus_regime,1,down,up
2015-03-10,base_plus_regime,1,flat,flat
2015-03-11,base_plus_regime,1,up,up
2015-03-12,base_plus_regime,1,up,flat
2015-03-13,base_plus_regime,1,up,down
2015-03-16,base_plus_regime,1,up,down
2015-03-17,base_plus_regime,1,flat,down
2015-03-18,base_plus_regime,1,down,down
2015-03-19,base_plus_regime,1,down,flat
2015-03-20,base_plus_regime,1,down,flat
2015-03-23,base_plus_regime,1,down,flat
2015-03-24,base_plus_regime,1,down,flat
2015-03-25,base_plus_regime,1,up,flat
2015-03-26,base_plus_regime,1,flat,down
2015-03-27,base_plus_regime,1,up,down
2015-03-30,base_plus_regime,1,flat,down
2015-03-31,base_plus_regime,1,up,down
2015-04-01,base_plus_regime,1,up,down
2015-04-02,base_plus_regime,1,flat,flat
2015-04-06,base_plus_regime,1,flat,flat
2015-04-07,base_plus_regime,1,flat,flat
2015-04-08,base_plus_regime,1,flat,flat
2015-04-09,base_plus_regime,1,flat,down
2015-04-10,base_plus_regime,1,flat,down
2015-04-13,base_plus_regime,1,flat,down
2015-04-14,base_plus_regime,1,flat,down
2015-04-15,base_plus_regime,1,flat,down
2015-04-16,base_plus_regime,1,up,down
2015-04-17,base_plus_regime,1,up,down
2015-04-20,base_plus_regime,1,up,down
2015-04-21,base_plus_regime,1,up,down
2015-04-22,base_plus_regime,1,up,down
2015-04-23,base_plus_regime,1,up,down
2015-04-24,base_plus_regime,1,up,flat
2015-04-27,base_plus_regime,1,down,up
2015-04-28,base_plus_regime,1,down,up
2015-04-29,base_plus_regime,1,down,up
2015-04-30,base_plus_regime,1,up,up
2015-05-01,base_plus_regime,1,down,up
2015-05-04,base_plus_regime,1,down,up
2015-05-05,base_plus_regime,1,flat,flat
2015-05-06,base_plus_regime,1,flat,flat
2015-05-07,base_plus_regime,1,up,up
2015-05-08,base_plus_regime,1,flat,up
2015-05-11,base_plus_regime,1,up,up
2015-05-12,base_plus_regime,1,up,up
2015-05-13,base_plus_regime,1,up,up
2015-05-14,base_plus_regime,1,flat,up
2015-05-15,base_plus_regime,1,up,up
2015-05-18,base_plus_regime,1,flat,up
2015-05-19,base_plus_regime,1,flat,up
2015-05-20,base_plus_regime,1,flat,up
2015-05-21,base_plus_regime,1,flat,up
2015-05-22,base_plus_regime,1,down,up
2015-05-26,base_plus_regime,1,flat,up
2015-05-27,base_plus_regime,1,flat,flat
2015-05-28,base_plus_regime,1,flat,flat
2015-05-29,base_plus_regime,1,flat,down
2015-06-01,base_plus_regime,1,down,flat
2015-06-02,base_plus_regime,1,down,down
2015-06-03,base_plus_regime,1,down,flat
2015-06-04,base_plus_regime,1,flat,down
2015-06-05,base_plus_regime,1,flat,down
2015-06-08,base_plus_regime,1,flat,down
2015-06-09,base_plus_regime,1,flat,down
2015-06-10,base_plus_regime,1,flat,down
2015-06-11,base_plus_regime,1,flat,down
2015-06-12,base_plus_regime,1,flat,down
2015-06-15,base_plus_regime,1,flat,down
2015-06-16,base_plus_regime,1,flat,down
2015-06-17,base_plus_regime,1,flat,down
2015-06-18,base_plus_regime,1,flat,down
2015-06-19,base_plus_regime,1,flat,down
2015-06-22,base_plus_regime,1,down,down
2015-06-23,base_plus_regime,1,down,down
2015-06-24,base_plus_regime,1,down,down
2015-06-25,base_plus_regime,1,down,down
2015-06-26,base_plus_regime,1,down,down
2015-06-29,base_plus_regime,1,up,down
2015-06-30,base_plus_regime,1,down,down
2015-07-01,base_plus_regime,1,down,down
2015-07-02,base_plus_regime,1,down,down
2015-07-06,base_plus_regime,1,down,down
2015-07-07,base_plus_regime,1,down,down
2015-07-08,base_plus_regime,1,down,down
2015-07-09,base_plus_regime,1,up,down
2015-07-10,base_plus_regime,1,up,down
2015-07-13,base_plus_regime,1,up,up
2015-07-14,base_plus_regime,1,up,up
2015-07-15,base_plus_regime,1,up,up
2015-07-16,base_plus_regime,1,up,down
2015-07-17,base_plus_regime,1,down,down
2015-07-20,base_plus_regime,1,down,down
2015-07-21,base_plus_regime,1,down,up
2015-07-23,base_plus_regime,1,flat,up
2015-07-24,base_plus_regime,1,down,up
2015-07-27,base_plus_regime,1,down,up
2015-07-28,base_plus_regime,1,down,up
2015-07-29,base_plus_regime,1,down,up
2015-07-30,base_plus_regime,1,down,up
2015-07-31,base_plus_regime,1,down,up
2015-08-03,base_plus_regime,1,down,up
2015-08-04,base_plus_regime,1,up,flat
2015-08-05,base_plus_regime,1,up,up
2015-08-06,base_plus_regime,1,up,up
2015-08-07,base_plus_regime,1,up,up
2015-08-10,base_plus_regime,1,down,up
2015-08-11,base_plus_regime,1,flat,up
2015-08-12,base_plus_regime,1,flat,up
2015-08-13,base_plus_regime,1,flat,up
2015-08-14,base_plus_regime,1,down,up
2015-08-17,base_plus_regime,1,down,up
2015-08-18,base_plus_regime,1,down,up
2015-08-19,base_plus_regime,1,down,up
2015-08-20,base_plus_regime,1,down,up
2015-08-21,base_plus_regime,1,up,flat
2015-08-24,base_plus_regime,1,up,flat
2015-08-25,base_plus_regime,1,up,flat
2015-08-26,base_plus_regime,1,flat,flat
2015-08-27,base_plus_regime,1,down,flat
2015-08-28,base_plus_regime,1,down,flat
2015-08-31,base_plus_regime,1,down,flat
2015-09-01,base_plus_regime,1,flat,flat
2015-09-02,base_plus_regime,1,flat,flat
2015-09-03,base_plus_regime,1,flat,flat
2015-09-04,base_plus_regime,1,up,flat
2015-09-08,base_plus_regime,1,flat,flat
2015-09-09,base_plus_regime,1,up,flat
2015-09-10,base_plus_regime,1,flat,flat
2015-09-11,base_plus_regime,1,flat,flat
2015-09-14,base_plus_regime,1,flat,flat
2015-09-15,base_plus_regime,1,flat,flat
2015-09-16,base_plus_regime,1,flat,flat
2015-09-17,base_plus_regime,1,flat,flat
2015-09-18,base_plus_regime,1,flat,flat
2015-09-21,base_plus_regime,1,flat,flat
2015-09-22,base_plus_regime,1,down,flat
2015-09-23,base_plus_regime,1,down,flat
2015-09-24,base_plus_regime,1,down,up
2015-09-25,base_plus_regime,1,down,up
2015-09-28,base_plus_regime,1,down,up
2015-09-29,base_plus_regime,1,flat,up
2015-09-30,base_plus_regime,1,flat,up
2015-10-01,base_plus_regime,1,flat,up
2015-10-02,base_plus_regime,1,flat,up
2015-10-05,base_plus_regime,1,flat,up
2015-10-06,base_plus_regime,1,flat,up
2015-10-07,base_plus_regime,2,flat,up
2015-10-08,base_plus_regime,2,up,down
2015-10-09,base_plus_regime,2,flat,flat
2015-10-12,base_plus_regime,2,flat,down
2015-10-13,base_plus_regime,2,flat,down
2015-10-14,base_plus_regime,2,up,down
2015-10-15,base_plus_regime,2,up,down
2015-10-16,base_plus_regime,2,up,down
2015-10-19,base_plus_regime,2,up,flat
2015-10-20,base_plus_regime,2,up,flat
2015-10-21,base_plus_regime,2,up,flat
2015-10-22,base_plus_regime,2,up,down
2015-10-23,base_plus_regime,2,down,down
2015-10-26,base_plus_regime,2,up,down
2015-10-27,base_plus_regime,2,up,up
2015-10-28,base_plus_regime,2,flat,up
2015-10-29,base_plus_regime,2,flat,up
2015-10-30,base_plus_regime,2,flat,flat
2015-11-02,base_plus_regime,2,flat,flat
2015-11-03,base_plus_regime,2,down,flat
2015-11-04,base_plus_regime,2,down,flat
2015-11-05,base_plus_regime,2,down,flat
2015-11-06,base_plus_regime,2,down,flat
2015-11-09,base_plus_regime,2,down,flat
2015-11-10,base_plus_regime,2,down,flat
2015-11-11,base_plus_regime,2,down,flat
2015-11-12,base_plus_regime,2,down,flat
2015-11-13,base_plus_regime,2,up,up
2015-11-16,base_plus_regime,2,up,down
2015-11-17,base_plus_regime,2,up,down
2015-11-18,base_plus_regime,2,flat,up
2015-11-19,base_plus_regime,2,flat,up
2015-11-20,base_plus_regime,2,flat,flat
2015-11-23,base_plus_regime,2,flat,flat
2015-11-24,base_plus_regime,2,flat,flat
2015-11-25,base_plus_regime,2,down,flat
2015-11-27,base_plus_regime,2,flat,flat
2015-11-30,base_plus_regime,2,down,down
2015-12-01,base_plus_regime,2,flat,down
2015-12-02,base_plus_regime,2,up,down
2015-12-03,base_plus_regime,2,up,down
2015-12-04,base_plus_regime,2,down,down
2015-12-07,base_plus_regime,2,down,down
2015-12-08,base_plus_regime,2,down,flat
2015-12-09,base_plus_regime,2,down,flat
2015-12-10,base_plus_regime,2,down,down
2015-12-11,base_plus_regime,2,down,flat
2015-12-14,base_plus_regime,2,down,up
2015-12-15,base_plus_regime,2,down,up
2015-12-16,base_plus_regime,2,down,down
2015-12-17,base_plus_regime,2,down,up
2015-12-18,base_plus_regime,2,flat,up
2015-12-21,base_plus_regime,2,flat,up
2015-12-22,base_plus_regime,2,flat,up
2015-12-23,base_plus_regime,2,down,up
2015-12-24,base_plus_regime,2,down,up
2015-12-28,base_plus_regime,2,down,up
2015-12-29,base_plus_regime,2,down,down
2015-12-30,base_plus_regime,2,down,down
2015-12-31,base_plus_regime,2,down,up
2016-01-04,base_plus_regime,2,down,up
2016-01-05,base_plus_regime,2,down,up
2016-01-06,base_plus_regime,2,down,up
2016-01-07,base_plus_regime,2,up,up
2016-01-08,base_plus_regime,2,up,up
2016-01-11,base_plus_regime,2,flat,up
2016-01-12,base_plus_regime,2,down,up
2016-01-13,base_plus_regime,2,flat,up
2016-01-14,base_plus_regime,2,down,up
2016-01-15,base_plus_regime,2,up,up
2016-01-19,base_plus_regime,2,up,up
2016-01-20,base_plus_regime,2,up,up
2016-01-21,base_plus_regime,2,up,up
2016-01-22,base_plus_regime,2,down,up
2016-01-25,base_plus_regime,2,down,down
2016-01-26,base_plus_regime,2,down,up
2016-01-27,base_plus_regime,2,flat,flat
2016-01-28,base_plus_regime,2,flat,flat
2016-01-29,base_plus_regime,2,flat,flat
2016-02-01,base_plus_regime,2,flat,flat
2016-02-02,base_plus_regime,2,flat,flat
2016-02-03,base_plus_regime,2,flat,flat
2016-02-04,base_plus_regime,2,flat,flat
2016-02-05,base_plus_regime,2,flat,flat
2016-02-08,base_plus_regime,2,flat,flat
2016-02-09,base_plus_regime,2,flat,flat
2016-02-10,base_plus_regime,2,up,flat
2016-02-11,base_plus_regime,2,up,flat
2016-02-12,base_plus_regime,2,up,flat
2016-02-16,base_plus_regime,2,flat,flat
2016-02-17,base_plus_regime,2,down,flat
2016-02-18,base_plus_regime,2,flat,flat
2016-02-19,base_plus_regime,2,flat,flat
2016-02-22,base_plus_regime,2,flat,down
2016-02-23,base_plus_regime,2,up,flat
2016-02-24,base_plus_regime,2,up,flat
2016-02-25,base_plus_regime,2,up,flat
2016-02-26,base_plus_regime,2,up,flat
2016-02-29,base_plus_regime,2,up,down
2016-03-01,base_plus_regime,2,flat,down
2016-03-02,base_plus_regime,2,flat,down
2016-03-03,base_plus_regime,2,flat,down
2016-03-04,base_plus_regime,2,flat,down
2016-03-07,base_plus_regime,2,flat,down
2016-03-08,base_plus_regime,2,up,flat
2016-03-09,base_plus_regime,2,up,flat
2016-03-10,base_plus_regime,2,up,flat
2016-03-11,base_plus_regime,2,up,down
2016-03-14,base_plus_regime,2,up,down
2016-03-15,base_plus_regime,2,flat,flat
2016-03-16,base_plus_regime,2,flat,down
2016-03-17,base_plus_regime,2,flat,down
2016-03-18,base_plus_regime,2,flat,down
2016-03-21,base_plus_regime,2,flat,down
2016-03-22,base_plus_regime,2,up,down
2016-03-23,base_plus_regime,2,up,flat
2016-03-24,base_plus_regime,2,up,down
2016-03-28,base_plus_regime,2,up,up
2016-03-29,base_plus_regime,2,up,flat
2016-03-30,base_plus_regime,2,flat,up
2016-03-31,base_plus_regime,2,up,down
2016-04-01,base_plus_regime,2,flat,down
2016-04-04,base_plus_regime,2,down,up
2016-04-05,base_plus_regime,2,flat,flat
2016-04-06,base_plus_regime,2,down,up
2016-04-07,base_plus_regime,2,up,flat
2016-04-08,base_plus_regime,2,up,flat
2016-04-11,base_plus_regime,2,up,flat
2016-04-12,base_plus_regime,2,down,flat
2016-04-13,base_plus_regime,2,down,flat
2016-04-14,base_plus_regime,2,down,up
2016-04-15,base_plus_regime,2,down,flat
2016-04-18,base_plus_regime,2,down,flat
2016-04-19,base_plus_regime,2,down,flat
2016-04-20,base_plus_regime,2,down,flat
2016-04-21,base_plus_regime,2,down,down
2016-04-22,base_plus_regime,2,down,up
2016-04-25,base_plus_regime,2,down,up
2016-04-26,base_plus_regime,2,down,up
2016-04-28,base_plus_regime,2,flat,up
2016-04-29,base_plus_regime,2,flat,up
2016-05-02,base_plus_regime,2,flat,up
2016-05-03,base_plus_regime,2,flat,up
2016-05-04,base_plus_regime,2,flat,up
2016-05-05,base_plus_regime,2,down,up
2016-05-06,base_plus_regime,2,flat,up
2016-05-09,base_plus_regime,2,down,up
2016-05-10,base_plus_regime,2,down,up
2016-05-11,base_plus_regime,2,down,up
2016-05-12,base_plus_regime,2,up,up
2016-05-13,base_plus_regime,2,up,up
2016-05-16,base_plus_regime,2,flat,up
2016-05-17,base_plus_regime,2,up,up
2016-05-18,base_plus_regime,2,up,up
2016-05-19,base_plus_regime,2,up,up
2016-05-20,base_plus_regime,2,up,up
2016-05-23,base_plus_regime,2,up,flat
2016-05-24,base_plus_regime,2,up,flat
2016-05-25,base_plus_regime,2,flat,flat
2016-05-26,base_plus_regime,2,down,up
2016-05-27,base_plus_regime,2,down,down
2016-05-31,base_plus_regime,2,down,down
2016-06-01,base_plus_regime,2,flat,down
2016-06-02,base_plus_regime,2,flat,down
2016-06-03,base_plus_regime,2,flat,down
2016-06-06,base_plus_regime,2,flat,down
2016-06-07,base_plus_regime,2,flat,down
2016-06-08,base_plus_regime,2,down,down
2016-06-09,base_plus_regime,2,down,down
2016-06-10,base_plus_regime,2,down,flat
2016-06-13,base_plus_regime,2,down,down
2016-06-14,base_plus_regime,2,down,up
2016-06-15,base_plus_regime,2,down,up
2016-06-16,base_plus_regime,2,down,up
2016-06-17,base_plus_regime,2,down,up
2016-06-20,base_plus_regime,2,down,down
2016-06-21,base_plus_regime,2,down,down
2016-06-22,base_plus_regime,2,down,down
2016-06-23,base_plus_regime,2,down,down
2016-06-24,base_plus_regime,2,up,up
2016-06-27,base_plus_regime,2,up,up
2016-06-28,base_plus_regime,2,up,up
2016-06-29,base_plus_regime,2,flat,up
2016-06-30,base_plus_regime,2,flat,up
2016-07-01,base_plus_regime,2,flat,down
2016-07-05,base_plus_regime,2,up,down
2016-07-06,base_plus_regime,2,up,down
2016-07-07,base_plus_regime,2,up,down
2016-07-08,base_plus_regime,2,up,up
2016-07-11,base_plus_regime,2,up,up
2016-07-12,base_plus_regime,2,up,up
2016-07-13,base_plus_regime,2,up,up
2016-07-14,base_plus_regime,2,flat,down
2016-07-15,base_plus_regime,2,flat,down
2016-07-18,base_plus_regime,2,down,down
2016-07-19,base_plus_regime,2,down,flat
2016-07-20,base_plus_regime,2,down,down
2016-07-21,base_plus_regime,2,down,up
2016-07-22,base_plus_regime,2,down,down
2016-07-25,base_plus_regime,2,up,up
2016-07-26,base_plus_regime,2,up,up
2016-07-28,base_plus_regime,2,flat,up
2016-07-29,base_plus_regime,2,up,up
2016-08-01,base_plus_regime,2,flat,up
2016-08-02,base_plus_regime,2,up,up
2016-08-03,base_plus_regime,2,up,up
2016-08-04,base_plus_regime,2,up,up
2016-08-05,base_plus_regime,2,flat,down
2016-08-08,base_plus_regime,2,flat,down
2016-08-09,base_plus_regime,2,flat,up
2016-08-10,base_plus_regime,2,flat,flat
2016-08-11,base_plus_regime,2,flat,up
2016-08-12,base_plus_regime,2,flat,up
2016-08-15,base_plus_regime,2,flat,up
2016-08-16,base_plus_regime,2,flat,flat
2016-08-17,base_plus_regime,2,flat,up
2016-08-18,base_plus_regime,2,flat,up
2016-08-19,base_plus_regime,2,down,up
2016-08-22,base_plus_regime,2,flat,up
2016-08-23,base_plus_regime,2,down,up
2016-08-24,base_plus_regime,2,down,up
2016-08-25,base_plus_regime,2,flat,up
2016-08-26,base_plus_regime,2,flat,up
2016-08-29,base_plus_regime,2,flat,down
2016-08-30,base_plus_regime,2,up,down
2016-08-31,base_plus_regime,2,up,down
2016-09-01,base_plus_regime,2,up,down
2016-09-02,base_plus_regime,2,down,down
2016-09-06,base_plus_regime,2,down,down
2016-09-07,base_plus_regime,2,down,down
2016-09-08,base_plus_regime,2,down,down
2016-09-09,base_plus_regime,2,up,down
2016-09-12,base_plus_regime,2,up,down
2016-09-13,base_plus_regime,2,up,down
2016-09-14,base_plus_regime,2,up,flat
2016-09-15,base_plus_regime,2,flat,flat
2016-09-16,base_plus_regime,2,flat,down
2016-09-19,base_plus_regime,2,flat,down
2016-09-20,base_plus_regime,2,flat,down
2016-09-21,base_plus_regime,2,flat,down
2016-09-22,base_plus_regime,2,flat,down
2016-09-23,base_plus_regime,2,flat,down
2016-09-26,base_plus_regime,2,flat,down
2016-09-27,base_plus_regime,2,flat,down
2016-09-28,base_plus_regime,2,flat,down
2016-09-29,base_plus_regime,2,flat,flat
2016-09-30,base_plus_regime,2,flat,down
2016-10-03,base_plus_regime,2,up,down
2016-10-04,base_plus_regime,2,up,down
2016-10-05,base_plus_regime,2,up,down
2016-10-06,base_plus_regime,2,up,up
2016-10-07,base_plus_regime,2,up,up
2016-10-10,base_plus_regime,2,flat,up
2016-10-11,base_plus_regime,2,flat,flat
2016-10-12,base_plus_regime,2,flat,up
2016-10-13,base_plus_regime,2,flat,up
2016-10-14,base_plus_regime,2,flat,up
2016-10-17,base_plus_regime,2,flat,up
2016-10-18,base_plus_regime,2,flat,up
2016-10-19,base_plus_regime,2,flat,up
2016-10-20,base_plus_regime,2,down,up
2016-10-21,base_plus_regime,2,up,up
2016-10-24,base_plus_regime,2,down,up
2016-10-25,base_plus_regime,2,down,up
2016-10-26,base_plus_regime,2,down,up
2016-10-27,base_plus_regime,2,down,up
2016-10-28,base_plus_regime,2,down,up
2016-10-31,base_plus_regime,2,down,up
2016-11-01,base_plus_regime,2,down,up
2016-11-02,base_plus_regime,2,down,up
2016-11-03,base_plus_regime,2,down,up
2016-11-04,base_plus_regime,2,up,up
2016-11-07,base_plus_regime,2,down,down
2016-11-08,base_plus_regime,2,down,down
2016-11-09,base_plus_regime,2,down,down
2016-11-10,base_plus_regime,2,down,flat
2016-11-11,base_plus_regime,2,down,down
2016-11-14,base_plus_regime,2,up,up
2016-11-15,base_plus_regime,2,up,up
2016-11-16,base_plus_regime,2,flat,up
2016-11-17,base_plus_regime,2,flat,flat
2016-11-18,base_plus_regime,2,flat,flat
2016-11-21,base_plus_regime,2,flat,flat
2016-11-22,base_plus_regime,2,flat,up
2016-11-23,base_plus_regime,2,flat,flat
2016-11-25,base_plus_regime,2,down,flat
2016-11-28,base_plus_regime,2,down,down
2016-11-29,base_plus_regime,2,down,down
2016-11-30,base_plus_regime,2,flat,down
2016-12-01,base_plus_regime,2,up,down
2016-12-02,base_plus_regime,2,up,down
2016-12-05,base_plus_regime,2,up,down
2016-12-06,base_plus_regime,2,up,down
2016-12-07,base_plus_regime,2,up,down
2016-12-08,base_plus_regime,2,up,down
2016-12-09,base_plus_regime,2,up,down
2016-12-12,base_plus_regime,2,up,flat
2016-12-13,base_plus_regime,2,flat,down
2016-12-14,base_plus_regime,2,up,up
2016-12-15,base_plus_regime,2,flat,up
2016-12-16,base_plus_regime,2,flat,up
2016-12-19,base_plus_regime,2,flat,down
2016-12-20,base_plus_regime,2,flat,down
2016-12-21,base_plus_regime,2,flat,down
2016-12-22,base_plus_regime,2,flat,flat
2016-12-23,base_plus_regime,2,flat,down
2016-12-27,base_plus_regime,2,down,down
2016-12-28,base_plus_regime,2,flat,down
2016-12-29,base_plus_regime,2,flat,down
2016-12-30,base_plus_regime,2,up,down
2017-01-03,base_plus_regime,2,up,up
2017-01-04,base_plus_regime,2,up,up
2017-01-05,base_plus_regime,2,up,up
2017-01-06,base_plus_regime,2,up,down
2017-01-09,base_plus_regime,2,flat,up
2017-01-10,base_plus_regime,2,flat,up
2017-01-11,base_plus_regime,2,flat,up
2017-01-12,base_plus_regime,2,flat,up
2017-01-13,base_plus_regime,2,flat,up
2017-01-17,base_plus_regime,2,flat,up
2017-01-18,base_plus_regime,2,up,up
2017-01-19,base_plus_regime,2,up,up
2017-01-20,base_plus_regime,2,up,up
2017-01-23,base_plus_regime,2,up,up
2017-01-24,base_plus_regime,2,up,up
2017-01-25,base_plus_regime,2,up,down
2017-01-26,base_plus_regime,2,up,down
2017-01-27,base_plus_regime,2,up,down
2017-01-30,base_plus_regime,2,up,flat
2017-01-31,base_plus_regime,2,up,up
2017-02-02,base_plus_regime,2,up,flat
2017-02-03,base_plus_regime,2,up,up
2017-02-06,base_plus_regime,2,flat,up
2017-02-07,base_plus_regime,2,up,down
2017-02-08,base_plus_regime,2,up,up
2017-02-09,base_plus_regime,2,up,up
2017-02-10,base_plus_regime,2,up,up
2017-02-13,base_plus_regime,2,up,up
2017-02-14,base_plus_regime,2,flat,up
2017-02-15,base_plus_regime,2,flat,up
2017-02-16,base_plus_regime,2,flat,up
2017-02-17,base_plus_regime,2,flat,up
2017-02-21,base_plus_regime,2,flat,up
2017-02-22,base_plus_regime,2,up,up
2017-02-23,base_plus_regime,2,up,up
2017-02-24,base_plus_regime,2,up,up
2017-02-27,base_plus_regime,2,up,up
2017-02-28,base_plus_regime,2,up,up
2017-03-01,base_plus_regime,2,flat,flat
2017-03-02,base_plus_regime,2,flat,up
2017-03-03,base_plus_regime,2,flat,up
2017-03-06,base_plus_regime,2,flat,up
2017-03-07,base_plus_regime,2,flat,up
2017-03-08,base_plus_regime,2,flat,down
2017-03-09,base_plus_regime,2,up,down
2017-03-10,base_plus_regime,2,flat,down
2017-03-13,base_plus_regime,2,up,down
2017-03-14,base_plus_regime,2,up,down
2017-03-15,base_plus_regime,2,flat,down
2017-03-16,base_plus_regime,2,flat,down
2017-03-17,base_plus_regime,2,flat,down
2017-03-20,base_plus_regime,2,down,down
2017-03-21,base_plus_regime,2,up,down
2017-03-22,base_plus_regime,2,up,down
2017-03-23,base_plus_regime,2,up,down
2017-03-24,base_plus_regime,2,up,down
2017-03-27,base_plus_regime,2,up,down
2017-03-28,base_plus_regime,2,flat,flat
2017-03-29,base_plus_regime,2,flat,down
2017-03-30,base_plus_regime,2,flat,down
2017-03-31,base_plus_regime,2,flat,down
2017-04-03,base_plus_regime,2,flat,down
2017-04-04,base_plus_regime,2,down,up
2017-04-05,base_plus_regime,2,down,up
2017-04-06,base_plus_regime,2,down,up
2017-04-07,base_plus_regime,2,down,up
2017-04-10,base_plus_regime,2,down,up
2017-04-11,base_plus_regime,2,flat,up
2017-04-12,base_plus_regime,2,flat,up
2017-04-13,base_plus_regime,2,flat,up
2017-04-17,base_plus_regime,2,up,up
2017-04-18,base_plus_regime,2,up,up
2017-04-19,base_plus_regime,2,up,up
2017-04-20,base_plus_regime,2,up,down
2017-04-21,base_plus_regime,2,up,down
2017-04-24,base_plus_regime,2,up,down
2017-04-25,base_plus_regime,2,up,down
2017-04-26,base_plus_regime,2,up,down
2017-04-27,base_plus_regime,2,up,up
2017-04-28,base_plus_regime,2,up,up
2017-05-01,base_plus_regime,2,up,down
2017-05-02,base_plus_regime,2,up,up
2017-05-03,base_plus_regime,2,up,up
2017-05-04,base_plus_regime,2,up,up
2017-05-05,base_plus_regime,2,up,down
2017-05-08,base_plus_regime,2,up,down
2017-05-09,base_plus_regime,2,flat,down
2017-05-10,base_plus_regime,2,up,down
2017-05-11,base_plus_regime,2,down,down
2017-05-12,base_plus_regime,2,down,down
2017-05-15,base_plus_regime,2,down,flat
2017-05-16,base_plus_regime,2,down,flat
2017-05-17,base_plus_regime,2,up,flat
2017-05-18,base_plus_regime,2,flat,flat
2017-05-19,base_plus_regime,3,flat,down
2017-05-22,base_plus_regime,3,flat,flat
2017-05-23,base_plus_regime,3,flat,down
2017-05-24,base_plus_regime,3,flat,down
2017-05-25,base_plus_regime,3,flat,up
2017-05-26,base_plus_regime,3,flat,up
2017-05-30,base_plus_regime,3,flat,up
2017-05-31,base_plus_regime,3,up,up
2017-06-01,base_plus_regime,3,up,up
2017-06-02,base_plus_regime,3,down,down
2017-06-05,base_plus_regime,3,down,down
2017-06-06,base_plus_regime,3,down,down
2017-06-07,base_plus_regime,3,down,down
2017-06-08,base_plus_regime,3,down,down
2017-06-09,base_plus_regime,3,down,down
2017-06-12,base_plus_regime,3,flat,down
2017-06-13,base_plus_regime,3,down,down
2017-06-14,base_plus_regime,3,flat,down
2017-06-15,base_plus_regime,3,flat,up
2017-06-16,base_plus_regime,3,up,down
2017-06-19,base_plus_regime,3,flat,down
2017-06-20,base_plus_regime,3,flat,down
2017-06-21,base_plus_regime,3,flat,down
2017-06-22,base_plus_regime,3,flat,down
2017-06-23,base_plus_regime,3,flat,down
2017-06-26,base_plus_regime,3,flat,down
2017-06-27,base_plus_regime,3,flat,down
2017-06-28,base_plus_regime,3,down,down
2017-06-29,base_plus_regime,3,flat,down
2017-06-30,base_plus_regime,3,flat,down
2017-07-03,base_plus_regime,3,flat,down
2017-07-05,base_plus_regime,3,flat,down
2017-07-06,base_plus_regime,3,up,down
2017-07-07,base_plus_regime,3,up,down
2017-07-10,base_plus_regime,3,up,up
2017-07-11,base_plus_regime,3,up,up
2017-07-12,base_plus_regime,3,up,up
2017-07-13,base_plus_regime,3,up,up
2017-07-14,base_plus_regime,3,flat,up
2017-07-17,base_plus_regime,3,up,up
2017-07-18,base_plus_regime,3,up,up
2017-07-19,base_plus_regime,3,up,down
2017-07-20,base_plus_regime,3,up,up
2017-07-21,base_plus_regime,3,up,down
2017-07-24,base_plus_regime,3,down,up
2017-07-25,base_plus_regime,3,down,up
2017-07-26,base_plus_regime,3,down,down
2017-07-27,base_plus_regime,3,up,up
2017-07-28,base_plus_regime,3,up,down
2017-07-31,base_plus_regime,3,up,down
2017-08-01,base_plus_regime,3,up,down
2017-08-03,base_plus_regime,3,up,flat
2017-08-04,base_plus_regime,3,up,flat
2017-08-07,base_plus_regime,3,flat,up
2017-08-08,base_plus_regime,3,down,flat
2017-08-09,base_plus_regime,3,down,flat
2017-08-10,base_plus_regime,3,up,down
2017-08-11,base_plus_regime,3,flat,flat
2017-08-14,base_plus_regime,3,flat,down
2017-08-15,base_plus_regime,3,down,flat
2017-08-16,base_plus_regime,3,flat,flat
2017-08-17,base_plus_regime,3,flat,down
2017-08-18,base_plus_regime,3,flat,down
2017-08-21,base_plus_regime,3,up,flat
2017-08-22,base_plus_regime,3,flat,flat
2017-08-23,base_plus_regime,3,flat,flat
2017-08-24,base_plus_regime,3,up,flat
2017-08-25,base_plus_regime,3,up,flat
2017-08-28,base_plus_regime,3,flat,flat
2017-08-29,base_plus_regime,3,flat,up
2017-08-30,base_plus_regime,3,flat,up
2017-08-31,base_plus_regime,3,down,up
2017-09-01,base_plus_regime,3,down,flat
2017-09-05,base_plus_regime,3,down,down
2017-09-06,base_plus_regime,3,down,flat
2017-09-07,base_plus_regime,3,down,down
2017-09-08,base_plus_regime,3,up,down
2017-09-11,base_plus_regime,3,down,down
2017-09-12,base_plus_regime,3,flat,down
2017-09-13,base_plus_regime,3,down,flat
2017-09-14,base_plus_regime,3,down,down
2017-09-15,base_plus_regime,3,down,down
2017-09-18,base_plus_regime,3,down,down
2017-09-19,base_plus_regime,3,down,down
2017-09-20,base_plus_regime,3,down,down
2017-09-21,base_plus_regime,3,down,down
2017-09-22,base_plus_regime,3,flat,down
2017-09-25,base_plus_regime,3,up,down
2017-09-26,base_plus_regime,3,flat,down
2017-09-27,base_plus_regime,3,flat,down
2017-09-28,base_plus_regime,3,flat,down
2017-09-29,base_plus_regime,3,flat,down
2017-10-02,base_plus_regime,3,flat,down
2017-10-03,base_plus_regime,3,flat,down
2017-10-04,base_plus_regime,3,up,down
2017-10-05,base_plus_regime,3,flat,up
2017-10-06,base_plus_regime,3,flat,up
2017-10-09,base_plus_regime,3,up,up
2017-10-10,base_plus_regime,3,up,up
2017-10-11,base_plus_regime,3,up,up
2017-10-12,base_plus_regime,3,up,flat
2017-10-13,base_plus_regime,3,up,down
2017-10-16,base_plus_regime,3,down,up
2017-10-17,base_plus_regime,3,down,up
2017-10-18,base_plus_regime,3,down,up
2017-10-19,base_plus_regime,3,flat,up
2017-10-20,base_plus_regime,3,up,up
2017-10-23,base_plus_regime,3,up,up
2017-10-24,base_plus_regime,3,up,up
2017-10-25,base_plus_regime,3,up,up
2017-10-26,base_plus_regime,3,up,down
2017-10-27,base_plus_regime,3,up,up
2017-10-30,base_plus_regime,3,up,up
2017-10-31,base_plus_regime,3,up,up
2017-11-01,base_plus_regime,3,up,up
2017-11-02,base_plus_regime,3,up,up
2017-11-03,base_plus_regime,3,flat,up
2017-11-06,base_plus_regime,3,flat,flat
2017-11-07,base_plus_regime,3,down,flat
2017-11-08,base_plus_regime,3,down,down
2017-11-09,base_plus_regime,3,down,down
2017-11-10,base_plus_regime,3,down,down
2017-11-13,base_plus_regime,3,down,down
2017-11-14,base_plus_regime,3,flat,down
2017-11-15,base_plus_regime,3,up,up
2017-11-16,base_plus_regime,3,up,down
2017-11-17,base_plus_regime,3,up,down
2017-11-20,base_plus_regime,3,up,down
2017-11-21,base_plus_regime,3,down,down
2017-11-22,base_plus_regime,3,down,flat
2017-11-24,base_plus_regime,3,down,flat
2017-11-27,base_plus_regime,3,down,down
2017-11-28,base_plus_regime,3,down,up
2017-11-29,base_plus_regime,3,flat,flat
2017-11-30,base_plus_regime,3,flat,down
2017-12-01,base_plus_regime,3,flat,flat
2017-12-04,base_plus_regime,3,flat,down
2017-12-05,base_plus_regime,3,up,down
2017-12-06,base_plus_regime,3,up,down
2017-12-07,base_plus_regime,3,up,down
2017-12-08,base_plus_regime,3,up,down
2017-12-11,base_plus_regime,3,up,down
2017-12-12,base_plus_regime,3,up,down
2017-12-13,base_plus_regime,3,up,down
2017-12-14,base_plus_regime,3,up,down
2017-12-15,base_plus_regime,3,flat,down
2017-12-18,base_plus_regime,3,down,down
2017-12-19,base_plus_regime,3,down,down
2017-12-20,base_plus_regime,3,down,down
2017-12-21,base_plus_regime,3,down,down
2017-12-22,base_plus_regime,3,down,down
2017-12-26,base_plus_regime,3,flat,down
2017-12-27,base_plus_regime,3,flat,down
2017-12-28,base_plus_regime,3,up,down
2017-12-29,base_plus_regime,3,up,down
2018-01-02,base_plus_regime,3,flat,down
2018-01-03,base_plus_regime,3,flat,down
2018-01-04,base_plus_regime,3,flat,up
2018-01-05,base_plus_regime,3,flat,up
2018-01-08,base_plus_regime,3,up,up
2018-01-09,base_plus_regime,3,up,up
2018-01-10,base_plus_regime,3,up,up
2018-01-11,base_plus_regime,3,up,up
2018-01-12,base_plus_regime,3,flat,up
2018-01-16,base_plus_regime,3,up,up
2018-01-17,base_plus_regime,3,down,up
2018-01-18,base_plus_regime,3,down,up
2018-01-19,base_plus_regime,3,down,up
2018-01-22,base_plus_regime,3,down,up
2018-01-23,base_plus_regime,3,down,up
2018-01-24,base_plus_regime,3,down,up
2018-01-25,base_plus_regime,3,down,up
2018-01-26,base_plus_regime,3,down,up
2018-01-29,base_plus_regime,3,down,up
2018-01-30,base_plus_regime,3,down,up
2018-01-31,base_plus_regime,3,down,up
2018-02-01,base_plus_regime,3,down,up
2018-02-02,base_plus_regime,3,down,up
2018-02-05,base_plus_regime,3,up,up
2018-02-06,base_plus_regime,3,down,down
2018-02-07,base_plus_regime,3,up,flat
2018-02-08,base_plus_regime,3,up,down
2018-02-09,base_plus_regime,3,up,down
2018-02-12,base_plus_regime,3,up,down
2018-02-13,base_plus_regime,3,up,up
2018-02-14,base_plus_regime,3,flat,down
2018-02-15,base_plus_regime,3,flat,flat
2018-02-16,base_plus_regime,3,up,up
2018-02-20,base_plus_regime,3,up,up
2018-02-21,base_plus_regime,3,up,flat
2018-02-22,base_plus_regime,3,up,flat
2018-02-23,base_plus_regime,3,flat,flat
2018-02-26,base_plus_regime,3,flat,up
2018-02-27,base_plus_regime,3,flat,flat
2018-02-28,base_plus_regime,3,flat,flat
2018-03-01,base_plus_regime,3,flat,flat
2018-03-02,base_plus_regime,3,flat,flat
2018-03-05,base_plus_regime,3,up,flat
2018-03-06,base_plus_regime,3,up,down
2018-03-07,base_plus_regime,3,up,down
2018-03-08,base_plus_regime,3,up,down
2018-03-09,base_plus_regime,3,flat,down
2018-03-12,base_plus_regime,3,down,down
2018-03-13,base_plus_regime,3,down,down
2018-03-14,base_plus_regime,3,down,down
2018-03-15,base_plus_regime,3,down,flat
2018-03-16,base_plus_regime,3,down,down
2018-03-19,base_plus_regime,3,down,up
2018-03-20,base_plus_regime,3,down,flat
2018-03-21,base_plus_regime,3,down,down
2018-03-22,base_plus_regime,3,down,down
2018-03-23,base_plus_regime,3,up,up
2018-03-26,base_plus_regime,3,down,down
2018-03-27,base_plus_regime,3,flat,down
2018-03-28,base_plus_regime,3,up,down
2018-03-29,base_plus_regime,3,up,down
2018-04-02,base_plus_regime,3,up,down
2018-04-03,base_plus_regime,3,up,down
2018-04-04,base_plus_regime,3,flat,down
2018-04-05,base_plus_regime,3,flat,down
2018-04-06,base_plus_regime,3,up,up
2018-04-09,base_plus_regime,3,up,up
2018-04-10,base_plus_regime,3,up,flat
2018-04-11,base_plus_regime,3,up,flat
2018-04-12,base_plus_regime,3,flat,flat
2018-04-13,base_plus_regime,3,down,flat
2018-04-16,base_plus_regime,3,down,flat
2018-04-17,base_plus_regime,3,down,flat
2018-04-18,base_plus_regime,3,down,up
2018-04-19,base_plus_regime,3,down,up
2018-04-20,base_plus_regime,3,flat,up
2018-04-23,base_plus_regime,3,flat,up
2018-04-24,base_plus_regime,3,up,up
2018-04-25,base_plus_regime,3,up,up
2018-04-26,base_plus_regime,3,up,up
2018-04-27,base_plus_regime,3,up,up
2018-04-30,base_plus_regime,3,up,up
2018-05-01,base_plus_regime,3,up,up
2018-05-02,base_plus_regime,3,up,up
2018-05-03,base_plus_regime,3,up,flat
2018-05-04,base_plus_regime,3,up,up
2018-05-07,base_plus_regime,3,flat,flat
2018-05-08,base_plus_regime,3,flat,flat
2018-05-09,base_plus_regime,3,flat,flat
2018-05-10,base_plus_regime,3,flat,flat
2018-05-11,base_plus_regime,3,flat,flat
2018-05-14,base_plus_regime,3,flat,flat
2018-05-15,base_plus_regime,3,flat,down
2018-05-16,base_plus_regime,3,flat,flat
2018-05-17,base_plus_regime,3,flat,flat
2018-05-18,base_plus_regime,3,flat,flat
2018-05-21,base_plus_regime,3,flat,flat
2018-05-22,base_plus_regime,3,flat,flat
2018-05-23,base_plus_regime,3,flat,up
2018-05-24,base_plus_regime,3,flat,up
2018-05-25,base_plus_regime,3,flat,flat
2018-05-29,base_plus_regime,3,up,flat
2018-05-30,base_plus_regime,3,up,up
2018-05-31,base_plus_regime,3,up,flat
2018-06-01,base_plus_regime,3,up,flat
2018-06-04,base_plus_regime,3,flat,down
2018-06-05,base_plus_regime,3,flat,down
2018-06-06,base_plus_regime,3,down,down
2018-06-07,base_plus_regime,3,flat,down
2018-06-08,base_plus_regime,3,down,down
2018-06-11,base_plus_regime,3,flat,down
2018-06-12,base_plus_regime,3,down,down
2018-06-13,base_plus_regime,3,down,down
2018-06-14,base_plus_regime,3,down,down
2018-06-15,base_plus_regime,3,down,down
2018-06-18,base_plus_regime,3,down,down
2018-06-19,base_plus_regime,3,down,down
2018-06-20,base_plus_regime,3,down,down
2018-06-21,base_plus_regime,3,down,down
2018-06-22,base_plus_regime,3,down,down
2018-06-25,base_plus_regime,3,up,up
2018-06-26,base_plus_regime,3,up,up
2018-06-27,base_plus_regime,3,up,up
2018-06-28,base_plus_regime,3,flat,up
2018-06-29,base_plus_regime,3,up,down
2018-07-02,base_plus_regime,3,down,down
2018-07-03,base_plus_regime,3,up,flat
2018-07-05,base_plus_regime,3,up,up
2018-07-06,base_plus_regime,3,up,up
2018-07-09,base_plus_regime,3,flat,flat
2018-07-10,base_plus_regime,3,flat,flat
2018-07-11,base_plus_regime,3,up,up
2018-07-12,base_plus_regime,3,flat,up
2018-07-13,base_plus_regime,3,flat,up
2018-07-16,base_plus_regime,3,flat,up
2018-07-17,base_plus_regime,3,flat,up
2018-07-18,base_plus_regime,3,up,up
2018-07-19,base_plus_regime,3,up,flat
2018-07-20,base_plus_regime,3,up,up
2018-07-23,base_plus_regime,3,up,up
2018-07-24,base_plus_regime,3,down,down
2018-07-25,base_plus_regime,3,down,up
2018-07-26,base_plus_regime,3,down,up
2018-07-27,base_plus_regime,3,up,up
2018-07-30,base_plus_regime,3,up,up
2018-07-31,base_plus_regime,3,up,up
2018-08-02,base_plus_regime,3,flat,flat
2018-08-03,base_plus_regime,3,flat,up
2018-08-06,base_plus_regime,3,flat,flat
2018-08-07,base_plus_regime,3,flat,flat
2018-08-08,base_plus_regime,3,flat,flat
2018-08-09,base_plus_regime,3,flat,up
2018-08-10,base_plus_regime,3,up,flat
2018-08-13,base_plus_regime,3,up,flat
2018-08-14,base_plus_regime,3,up,flat
2018-08-15,base_plus_regime,3,up,up
2018-08-16,base_plus_regime,3,flat,flat
2018-08-17,base_plus_regime,3,flat,flat
2018-08-20,base_plus_regime,3,flat,flat
2018-08-21,base_plus_regime,3,up,flat
2018-08-22,base_plus_regime,3,up,flat
2018-08-23,base_plus_regime,3,up,flat
2018-08-24,base_plus_regime,3,up,up
2018-08-27,base_plus_regime,3,up,up
2018-08-28,base_plus_regime,3,up,up
2018-08-29,base_plus_regime,3,up,up
2018-08-30,base_plus_regime,3,down,up
2018-08-31,base_plus_regime,3,down,up
2018-09-04,base_plus_regime,3,down,down
2018-09-05,base_plus_regime,3,down,down
2018-09-06,base_plus_regime,3,down,down
2018-09-07,base_plus_regime,3,up,down
2018-09-10,base_plus_regime,3,up,down
2018-09-11,base_plus_regime,3,down,down
2018-09-12,base_plus_regime,3,up,down
2018-09-13,base_plus_regime,3,down,down
2018-09-14,base_plus_regime,3,down,down
2018-09-17,base_plus_regime,3,flat,down
2018-09-18,base_plus_regime,3,flat,down
2018-09-19,base_plus_regime,3,flat,down
2018-09-20,base_plus_regime,3,up,down
2018-09-21,base_plus_regime,3,up,down
2018-09-24,base_plus_regime,3,up,down
2018-09-25,base_plus_regime,3,up,down
2018-09-26,base_plus_regime,3,up,down
2018-09-27,base_plus_regime,3,up,down
2018-09-28,base_plus_regime,3,up,down
2018-10-01,base_plus_regime,3,up,down
2018-10-02,base_plus_regime,3,down,down
2018-10-03,base_plus_regime,3,down,up
2018-10-04,base_plus_regime,3,down,down
2018-10-05,base_plus_regime,3,down,down
2018-10-08,base_plus_regime,3,down,down
2018-10-09,base_plus_regime,3,down,down
2018-10-10,base_plus_regime,3,flat,down
2018-10-11,base_plus_regime,3,up,down
2018-10-12,base_plus_regime,3,flat,down
2018-10-15,base_plus_regime,3,flat,down
2018-10-16,base_plus_regime,3,flat,down
2018-10-17,base_plus_regime,3,flat,down
2018-10-18,base_plus_regime,3,flat,down
2018-10-19,base_plus_regime,3,flat,down
2018-10-22,base_plus_regime,3,down,down
2018-10-23,base_plus_regime,3,down,down
2018-10-24,base_plus_regime,3,flat,down
2018-10-25,base_plus_regime,3,down,down
2018-10-26,base_plus_regime,3,down,down
2018-10-29,base_plus_regime,3,up,down
2018-10-30,base_plus_regime,3,up,down
2018-10-31,base_plus_regime,3,down,down
2018-11-01,base_plus_regime,3,down,up
2018-11-02,base_plus_regime,3,flat,flat
2018-11-05,base_plus_regime,3,flat,flat
2018-11-06,base_plus_regime,3,down,flat
2018-11-07,base_plus_regime,3,down,flat
2018-11-08,base_plus_regime,3,down,flat
2018-11-09,base_plus_regime,3,down,flat
2018-11-12,base_plus_regime,3,down,flat
2018-11-13,base_plus_regime,3,down,flat
2018-11-14,base_plus_regime,3,down,flat
2018-11-15,base_plus_regime,3,down,flat
2018-11-16,base_plus_regime,3,down,flat
2018-11-19,base_plus_regime,3,down,flat
2018-11-20,base_plus_regime,3,flat,flat
2018-11-21,base_plus_regime,3,flat,flat
2018-11-23,base_plus_regime,3,up,flat
2018-11-26,base_plus_regime,3,up,flat
2018-11-27,base_plus_regime,3,up,flat
2018-11-28,base_plus_regime,3,flat,flat
2018-11-29,base_plus_regime,3,down,flat
2018-11-30,base_plus_regime,3,down,down
2018-12-03,base_plus_regime,3,down,down
2018-12-04,base_plus_regime,3,down,flat
2018-12-06,base_plus_regime,3,flat,flat
2018-12-07,base_plus_regime,3,flat,flat
2018-12-10,base_plus_regime,3,flat,flat
2018-12-11,base_plus_regime,3,flat,down
2018-12-12,base_plus_regime,3,down,down
2018-12-13,base_plus_regime,3,down,down
2018-12-14,base_plus_regime,3,down,flat
2018-12-17,base_plus_regime,3,down,down
2018-12-18,base_plus_regime,3,down,down
2018-12-19,base_plus_regime,3,down,flat
2018-12-20,base_plus_regime,3,down,flat
2018-12-21,base_plus_regime,3,up,up
2018-12-24,base_plus_regime,3,up,flat
2018-12-26,base_plus_regime,3,down,flat
2018-12-27,base_plus_regime,3,down,flat
2018-12-28,base_plus_regime,3,down,flat
2018-12-31,base_plus_regime,4,down,flat
2019-01-02,base_plus_regime,4,down,flat
2019-01-03,base_plus_regime,4,up,flat
2019-01-04,base_plus_regime,4,flat,flat
2019-01-07,base_plus_regime,4,flat,flat
2019-01-08,base_plus_regime,4,flat,flat
2019-01-09,base_plus_regime,4,flat,flat
2019-01-10,base_plus_regime,4,flat,flat
2019-01-11,base_plus_regime,4,flat,flat
2019-01-14,base_plus_regime,4,flat,flat
2019-01-15,base_plus_regime,4,flat,flat
2019-01-16,base_plus_regime,4,flat,flat
2019-01-17,base_plus_regime,4,flat,down
2019-01-18,base_plus_regime,4,flat,flat
2019-01-22,base_plus_regime,4,flat,down
2019-01-23,base_plus_regime,4,up,down
2019-01-24,base_plus_regime,4,up,down
2019-01-25,base_plus_regime,4,up,down
2019-01-28,base_plus_regime,4,up,down
2019-01-29,base_plus_regime,4,up,flat
2019-01-30,base_plus_regime,4,up,flat
2019-01-31,base_plus_regime,4,up,flat
2019-02-01,base_plus_regime,4,up,flat
2019-02-04,base_plus_regime,4,flat,flat
2019-02-05,base_plus_regime,4,flat,flat
2019-02-06,base_plus_regime,4,flat,flat
2019-02-07,base_plus_regime,4,flat,flat
2019-02-08,base_plus_regime,4,flat,flat
2019-02-11,base_plus_regime,4,flat,flat
2019-02-12,base_plus_regime,4,flat,flat
2019-02-13,base_plus_regime,4,flat,flat
2019-02-14,base_plus_regime,4,flat,flat
2019-02-15,base_plus_regime,4,flat,flat
2019-02-19,base_plus_regime,4,flat,flat
2019-02-20,base_plus_regime,4,flat,up
2019-02-21,base_plus_regime,4,flat,up
2019-02-22,base_plus_regime,4,flat,up
2019-02-25,base_plus_regime,4,flat,up
2019-02-26,base_plus_regime,4,flat,up
2019-02-27,base_plus_regime,4,flat,up
2019-02-28,base_plus_regime,4,flat,up
2019-03-01,base_plus_regime,4,flat,flat
2019-03-04,base_plus_regime,4,down,flat
2019-03-05,base_plus_regime,4,up,flat
2019-03-06,base_plus_regime,4,up,down
2019-03-07,base_plus_regime,4,up,down
2019-03-08,base_plus_regime,4,up,down
2019-03-11,base_plus_regime,4,up,flat
2019-03-12,base_plus_regime,4,up,flat
2019-03-13,base_plus_regime,4,up,flat
2019-03-14,base_plus_regime,4,up,flat
2019-03-15,base_plus_regime,4,up,flat
2019-03-18,base_plus_regime,4,up,flat
2019-03-19,base_plus_regime,4,up,down
2019-03-20,base_plus_regime,4,up,down
2019-03-21,base_plus_regime,4,down,flat
2019-03-22,base_plus_regime,4,flat,flat
2019-03-25,base_plus_regime,4,flat,flat
2019-03-26,base_plus_regime,4,up,flat
2019-03-27,base_plus_regime,4,up,flat
2019-03-28,base_plus_regime,4,up,flat
2019-03-29,base_plus_regime,4,up,down
2019-04-01,base_plus_regime,4,up,down
2019-04-02,base_plus_regime,4,up,flat
2019-04-03,base_plus_regime,4,up,flat
2019-04-04,base_plus_regime,4,up,up
2019-04-05,base_plus_regime,4,up,up
2019-04-08,base_plus_regime,4,flat,up
2019-04-09,base_plus_regime,4,flat,up
2019-04-10,base_plus_regime,4,flat,up
2019-04-11,base_plus_regime,4,up,flat
2019-04-12,base_plus_regime,4,up,flat
2019-04-15,base_plus_regime,4,up,up
2019-04-16,base_plus_regime,4,up,up
2019-04-17,base_plus_regime,4,up,flat
2019-04-18,base_plus_regime,4,up,down
2019-04-22,base_plus_regime,4,up,down
2019-04-23,base_plus_regime,4,down,down
2019-04-24,base_plus_regime,4,down,down
2019-04-25,base_plus_regime,4,down,down
2019-04-26,base_plus_regime,4,down,down
2019-04-29,base_plus_regime,4,down,down
2019-04-30,base_plus_regime,4,up,down
2019-05-01,base_plus_regime,4,down,up
2019-05-02,base_plus_regime,4,down,flat
2019-05-03,base_plus_regime,4,down,up
2019-05-06,base_plus_regime,4,down,flat
2019-05-07,base_plus_regime,4,down,flat
2019-05-08,base_plus_regime,4,down,flat
2019-05-09,base_plus_regime,4,down,flat
2019-05-10,base_plus_regime,4,down,down
2019-05-13,base_plus_regime,4,flat,flat
2019-05-14,base_plus_regime,4,flat,flat
2019-05-15,base_plus_regime,4,down,flat
2019-05-16,base_plus_regime,4,down,flat
2019-05-17,base_plus_regime,4,down,flat
2019-05-20,base_plus_regime,4,flat,down
2019-05-21,base_plus_regime,4,down,flat
2019-05-22,base_plus_regime,4,flat,up
2019-05-23,base_plus_regime,4,flat,up
2019-05-24,base_plus_regime,4,down,up
2019-05-28,base_plus_regime,4,down,up
2019-05-29,base_plus_regime,4,up,up
2019-05-30,base_plus_regime,4,down,up
2019-05-31,base_plus_regime,4,up,up
2019-06-03,base_plus_regime,4,up,down
2019-06-04,base_plus_regime,4,up,flat
2019-06-05,base_plus_regime,4,up,flat
2019-06-06,base_plus_regime,4,up,flat
2019-06-07,base_plus_regime,4,flat,flat
2019-06-10,base_plus_regime,4,flat,flat
2019-06-11,base_plus_regime,4,flat,down
2019-06-12,base_plus_regime,4,flat,flat
2019-06-13,base_plus_regime,4,up,flat
2019-06-14,base_plus_regime,4,up,flat
2019-06-17,base_plus_regime,4,up,flat
2019-06-18,base_plus_regime,4,flat,flat
2019-06-19,base_plus_regime,4,flat,flat
2019-06-20,base_plus_regime,4,flat,flat
2019-06-21,base_plus_regime,4,flat,flat
2019-06-24,base_plus_regime,4,flat,flat
2019-06-25,base_plus_regime,4,up,flat
2019-06-26,base_plus_regime,4,up,flat
2019-06-27,base_plus_regime,4,up,flat
2019-06-28,base_plus_regime,4,up,flat
2019-07-01,base_plus_regime,4,flat,flat
2019-07-02,base_plus_regime,4,flat,flat
2019-07-03,base_plus_regime,4,down,flat
2019-07-05,base_plus_regime,4,down,flat
2019-07-08,base_plus_regime,4,up,down
2019-07-09,base_plus_regime,4,flat,down
2019-07-10,base_plus_regime,4,flat,down
2019-07-11,base_plus_regime,4,up,down
2019-07-12,base_plus_regime,4,flat,down
2019-07-15,base_plus_regime,4,flat,down
2019-07-16,base_plus_regime,4,up,down
2019-07-17,base_plus_regime,4,up,down
2019-07-18,base_plus_regime,4,flat,down
2019-07-19,base_plus_regime,4,up,down
2019-07-22,base_plus_regime,4,flat,down
2019-07-23,base_plus_regime,4,flat,down
2019-07-24,base_plus_regime,4,up,up
2019-07-25,base_plus_regime,4,up,up
2019-07-26,base_plus_regime,4,up,down
2019-07-29,base_plus_regime,4,down,down
2019-07-30,base_plus_regime,4,up,up
2019-07-31,base_plus_regime,4,down,up
2019-08-01,base_plus_regime,4,down,up
2019-08-02,base_plus_regime,4,down,up
2019-08-05,base_plus_regime,4,up,flat
2019-08-06,base_plus_regime,4,up,flat
2019-08-07,base_plus_regime,4,up,flat
2019-08-08,base_plus_regime,4,flat,flat
2019-08-09,base_plus_regime,4,up,flat
2019-08-12,base_plus_regime,4,up,flat
2019-08-13,base_plus_regime,4,down,flat
2019-08-14,base_plus_regime,4,up,flat
2019-08-15,base_plus_regime,4,up,flat
2019-08-16,base_plus_regime,4,flat,flat
2019-08-19,base_plus_regime,4,down,flat
2019-08-20,base_plus_regime,4,down,flat
2019-08-21,base_plus_regime,4,down,flat
2019-08-22,base_plus_regime,4,down,flat
2019-08-23,base_plus_regime,4,flat,flat
2019-08-26,base_plus_regime,4,flat,flat
2019-08-27,base_plus_regime,4,flat,flat
2019-08-28,base_plus_regime,4,up,flat
2019-08-29,base_plus_regime,4,flat,flat
2019-08-30,base_plus_regime,4,flat,flat
2019-09-03,base_plus_regime,4,up,flat
2019-09-04,base_plus_regime,4,up,flat
2019-09-05,base_plus_regime,4,up,flat
2019-09-06,base_plus_regime,4,up,flat
2019-09-09,base_plus_regime,4,up,flat
2019-09-10,base_plus_regime,4,up,flat
2019-09-11,base_plus_regime,4,flat,down
2019-09-12,base_plus_regime,4,flat,flat
2019-09-13,base_plus_regime,4,flat,flat
2019-09-16,base_plus_regime,4,flat,flat
2019-09-17,base_plus_regime,4,flat,flat
2019-09-18,base_plus_regime,4,flat,flat
2019-09-19,base_plus_regime,4,flat,flat
2019-09-20,base_plus_regime,4,flat,down
2019-09-23,base_plus_regime,4,up,flat
2019-09-24,base_plus_regime,4,up,down
2019-09-25,base_plus_regime,4,flat,down
2019-09-26,base_plus_regime,4,up,down
2019-09-27,base_plus_regime,4,up,down
2019-09-30,base_plus_regime,4,down,flat
2019-10-01,base_plus_regime,4,down,flat
2019-10-02,base_plus_regime,4,up,down
2019-10-03,base_plus_regime,4,up,down
2019-10-04,base_plus_regime,4,up,flat
2019-10-07,base_plus_regime,4,up,flat
2019-10-08,base_plus_regime,4,up,flat
2019-10-09,base_plus_regime,4,up,flat
2019-10-10,base_plus_regime,4,up,flat
2019-10-11,base_plus_regime,4,flat,flat
2019-10-14,base_plus_regime,4,flat,flat
2019-10-15,base_plus_regime,4,up,flat
2019-10-16,base_plus_regime,4,up,flat
2019-10-17,base_plus_regime,4,up,flat
2019-10-18,base_plus_regime,4,up,up
2019-10-21,base_plus_regime,4,up,down
2019-10-22,base_plus_regime,4,up,down
2019-10-23,base_plus_regime,4,up,up
2019-10-24,base_plus_regime,4,up,up
2019-10-25,base_plus_regime,4,up,up
2019-10-28,base_plus_regime,4,down,up
2019-10-29,base_plus_regime,4,up,up
2019-10-30,base_plus_regime,4,up,flat
2019-10-31,base_plus_regime,4,up,flat
2019-11-01,base_plus_regime,4,flat,up
2019-11-04,base_plus_regime,4,flat,flat
2019-11-05,base_plus_regime,4,flat,flat
2019-11-06,base_plus_regime,4,up,flat
2019-11-07,base_plus_regime,4,up,down
2019-11-08,base_plus_regime,4,up,up
2019-11-11,base_plus_regime,4,up,up
2019-11-12,base_plus_regime,4,up,up
2019-11-13,base_plus_regime,4,flat,up
2019-11-14,base_plus_regime,4,up,up
2019-11-15,base_plus_regime,4,flat,flat
2019-11-18,base_plus_regime,4,down,flat
2019-11-19,base_plus_regime,4,down,flat
2019-11-20,base_plus_regime,4,up,flat
2019-11-21,base_plus_regime,4,up,down
2019-11-22,base_plus_regime,4,up,up
2019-11-25,base_plus_regime,4,down,flat
2019-11-26,base_plus_regime,4,down,down
2019-11-27,base_plus_regime,4,down,down
2019-11-29,base_plus_regime,4,down,down
2019-12-02,base_plus_regime,4,down,down
2019-12-03,base_plus_regime,4,up,down
2019-12-04,base_plus_regime,4,up,down
2019-12-05,base_plus_regime,4,up,down
2019-12-06,base_plus_regime,4,flat,down
2019-12-09,base_plus_regime,4,up,down
2019-12-10,base_plus_regime,4,up,flat
2019-12-11,base_plus_regime,4,up,down
2019-12-12,base_plus_regime,4,up,down
2019-12-13,base_plus_regime,4,up,down
2019-12-16,base_plus_regime,4,flat,up
2019-12-17,base_plus_regime,4,flat,down
2019-12-18,base_plus_regime,4,up,down
2019-12-19,base_plus_regime,4,up,down
2019-12-20,base_plus_regime,4,up,down
2019-12-23,base_plus_regime,4,up,down
2019-12-24,base_plus_regime,4,up,down
2019-12-26,base_plus_regime,4,up,down
2019-12-27,base_plus_regime,4,up,down
2019-12-30,base_plus_regime,4,up,down
2019-12-31,base_plus_regime,4,up,flat
2020-01-02,base_plus_regime,4,up,down
2020-01-03,base_plus_regime,4,up,flat
2020-01-06,base_plus_regime,4,up,flat
2020-01-07,base_plus_regime,4,up,flat
2020-01-08,base_plus_regime,4,up,flat
2020-01-09,base_plus_regime,4,up,flat
2020-01-10,base_plus_regime,4,up,flat
2020-01-13,base_plus_regime,4,down,flat
2020-01-14,base_plus_regime,4,up,flat
2020-01-15,base_plus_regime,4,up,flat
2020-01-16,base_plus_regime,4,flat,flat
2020-01-17,base_plus_regime,4,down,flat
2020-01-21,base_plus_regime,4,down,down
2020-01-22,base_plus_regime,4,down,down
2020-01-23,base_plus_regime,4,down,up
2020-01-24,base_plus_regime,4,down,up
2020-01-27,base_plus_regime,4,up,up
2020-01-28,base_plus_regime,4,down,up
2020-01-29,base_plus_regime,4,down,up
2020-01-30,base_plus_regime,4,down,up
2020-01-31,base_plus_regime,4,up,flat
2020-02-03,base_plus_regime,4,up,flat
2020-02-04,base_plus_regime,4,flat,flat
2020-02-05,base_plus_regime,4,flat,flat
2020-02-06,base_plus_regime,4,flat,flat
2020-02-07,base_plus_regime,4,flat,flat
2020-02-10,base_plus_regime,4,flat,flat
2020-02-11,base_plus_regime,4,flat,flat
2020-02-12,base_plus_regime,4,flat,flat
2020-02-13,base_plus_regime,4,down,flat
2020-02-14,base_plus_regime,4,down,flat
2020-02-18,base_plus_regime,4,down,flat
2020-02-19,base_plus_regime,4,down,flat
2020-02-20,base_plus_regime,4,down,down
2020-02-21,base_plus_regime,4,down,down
2020-02-24,base_plus_regime,4,down,flat
2020-02-25,base_plus_regime,4,down,flat
2020-02-26,base_plus_regime,4,down,up
2020-02-27,base_plus_regime,4,up,up
2020-02-28,base_plus_regime,4,up,flat
2020-03-03,base_plus_regime,4,down,flat
2020-03-04,base_plus_regime,4,down,flat
2020-03-05,base_plus_regime,4,down,flat
2020-03-06,base_plus_regime,4,down,flat
2020-03-09,base_plus_regime,4,up,flat
2020-03-10,base_plus_regime,4,down,flat
2020-03-11,base_plus_regime,4,down,flat
2020-03-12,base_plus_regime,4,up,flat
2020-03-13,base_plus_regime,4,down,flat
2020-03-16,base_plus_regime,4,flat,flat
2020-03-17,base_plus_regime,4,down,flat
2020-03-18,base_plus_regime,4,flat,flat
2020-03-19,base_plus_regime,4,flat,flat
2020-03-20,base_plus_regime,4,up,flat
2020-03-23,base_plus_regime,4,up,flat
2020-03-24,base_plus_regime,4,flat,flat
2020-03-25,base_plus_regime,4,flat,flat
2020-03-26,base_plus_regime,4,flat,flat
2020-03-27,base_plus_regime,4,flat,flat
2020-03-30,base_plus_regime,4,flat,flat
2020-03-31,base_plus_regime,4,flat,flat
2020-04-01,base_plus_regime,4,up,flat
2020-04-02,base_plus_regime,4,up,flat
2020-04-03,base_plus_regime,4,up,flat
2020-04-06,base_plus_regime,4,up,flat
2020-04-07,base_plus_regime,4,up,flat
2020-04-08,base_plus_regime,4,flat,flat
2020-04-09,base_plus_regime,4,flat,flat
2020-04-13,base_plus_regime,4,flat,flat
2020-04-14,base_plus_regime,4,flat,flat
2020-04-15,base_plus_regime,4,flat,flat
2020-04-16,base_plus_regime,4,down,flat
2020-04-17,base_plus_regime,4,flat,flat
2020-04-20,base_plus_regime,4,flat,down
2020-04-21,base_plus_regime,4,flat,down
2020-04-22,base_plus_regime,4,flat,down
2020-04-23,base_plus_regime,4,up,down
2020-04-24,base_plus_regime,4,flat,down
2020-04-27,base_plus_regime,4,flat,down
2020-04-28,base_plus_regime,4,up,down
2020-04-29,base_plus_regime,4,flat,down
2020-04-30,base_plus_regime,4,flat,flat
2020-05-01,base_plus_regime,4,up,flat
2020-05-04,base_plus_regime,4,up,flat
2020-05-05,base_plus_regime,4,up,flat
2020-05-06,base_plus_regime,4,up,flat
2020-05-07,base_plus_regime,4,flat,flat
2020-05-08,base_plus_regime,4,flat,down
2020-05-11,base_plus_regime,4,flat,flat
2020-05-12,base_plus_regime,4,flat,flat
2020-05-13,base_plus_regime,4,up,flat
2020-05-14,base_plus_regime,4,flat,flat
2020-05-15,base_plus_regime,4,up,flat
2020-05-18,base_plus_regime,4,flat,flat
2020-05-19,base_plus_regime,4,flat,flat
2020-05-20,base_plus_regime,4,flat,flat
2020-05-21,base_plus_regime,4,flat,flat
2020-05-22,base_plus_regime,4,flat,flat
2020-05-26,base_plus_regime,4,flat,flat
2020-05-27,base_plus_regime,4,flat,flat
2020-05-28,base_plus_regime,4,flat,up
2020-05-29,base_plus_regime,4,up,flat
2020-06-01,base_plus_regime,4,up,flat
2020-06-02,base_plus_regime,4,up,up
2020-06-03,base_plus_regime,4,up,flat
2020-06-04,base_plus_regime,4,up,down
2020-06-05,base_plus_regime,4,up,flat
2020-06-08,base_plus_regime,4,up,flat
2020-06-09,base_plus_regime,4,up,flat
2020-06-10,base_plus_regime,4,down,flat
2020-06-11,base_plus_regime,4,up,flat
2020-06-12,base_plus_regime,4,up,flat
2020-06-15,base_plus_regime,4,up,flat
2020-06-16,base_plus_regime,4,up,flat
2020-06-17,base_plus_regime,4,up,flat
2020-06-18,base_plus_regime,4,up,flat
2020-06-19,base_plus_regime,4,up,flat
2020-06-22,base_plus_regime,4,flat,flat
2020-06-23,base_plus_regime,4,down,flat
2020-06-24,base_plus_regime,4,flat,flat
2020-06-25,base_plus_regime,4,down,flat
2020-06-26,base_plus_regime,4,up,flat
2020-06-29,base_plus_regime,4,up,flat
2020-06-30,base_plus_regime,4,up,flat
2020-07-01,base_plus_regime,4,up,flat
2020-07-02,base_plus_regime,4,up,flat
2020-07-06,base_plus_regime,4,flat,flat
2020-07-07,base_plus_regime,4,up,flat
2020-07-08,base_plus_regime,4,flat,flat
2020-07-09,base_plus_regime,4,flat,flat
2020-07-10,base_plus_regime,4,flat,flat
2020-07-13,base_plus_regime,4,up,down
2020-07-14,base_plus_regime,4,flat,flat
2020-07-15,base_plus_regime,4,flat,flat
2020-07-16,base_plus_regime,4,down,down
2020-07-17,base_plus_regime,4,down,flat
2020-07-20,base_plus_regime,4,down,up
2020-07-21,base_plus_regime,4,down,down
2020-07-22,base_plus_regime,4,down,down
2020-07-23,base_plus_regime,4,up,down
2020-07-24,base_plus_regime,4,up,up
2020-07-27,base_plus_regime,4,up,up
2020-07-28,base_plus_regime,4,up,up
2020-07-29,base_plus_regime,4,up,up
2020-07-30,base_plus_regime,4,up,up
2020-08-03,base_plus_regime,4,flat,flat
2020-08-04,base_plus_regime,4,flat,flat
2020-08-05,base_plus_regime,4,flat,flat
2020-08-06,base_plus_regime,4,flat,flat
2020-08-07,base_plus_regime,4,flat,flat
2020-08-10,base_plus_regime,4,flat,flat
2020-08-11,base_plus_regime,5,up,flat
2020-08-12,base_plus_regime,5,flat,flat
2020-08-13,base_plus_regime,5,flat,flat
2020-08-14,base_plus_regime,5,up,flat
2020-08-17,base_plus_regime,5,up,flat
2020-08-18,base_plus_regime,5,up,flat
2020-08-19,base_plus_regime,5,up,flat
2020-08-20,base_plus_regime,5,up,flat
2020-08-21,base_plus_regime,5,flat,flat
2020-08-24,base_plus_regime,5,flat,flat
2020-08-25,base_plus_regime,5,up,flat
2020-08-26,base_plus_regime,5,up,flat
2020-08-27,base_plus_regime,5,up,flat
2020-08-28,base_plus_regime,5,up,flat
2020-08-31,base_plus_regime,5,up,flat
2020-09-01,base_plus_regime,5,down,flat
2020-09-02,base_plus_regime,5,down,flat
2020-09-03,base_plus_regime,5,down,flat
2020-09-04,base_plus_regime,5,down,flat
2020-09-08,base_plus_regime,5,flat,flat
2020-09-09,base_plus_regime,5,flat,flat
2020-09-10,base_plus_regime,5,flat,flat
2020-09-11,base_plus_regime,5,flat,flat
2020-09-14,base_plus_regime,5,down,flat
2020-09-15,base_plus_regime,5,down,flat
2020-09-16,base_plus_regime,5,flat,flat
2020-09-17,base_plus_regime,5,flat,flat
2020-09-18,base_plus_regime,5,up,flat
2020-09-21,base_plus_regime,5,flat,flat
2020-09-22,base_plus_regime,5,flat,flat
2020-09-23,base_plus_regime,5,up,flat
2020-09-24,base_plus_regime,5,up,flat
2020-09-25,base_plus_regime,5,flat,flat
2020-09-28,base_plus_regime,5,flat,flat
2020-09-29,base_plus_regime,5,flat,flat
2020-09-30,base_plus_regime,5,flat,flat
2020-10-01,base_plus_regime,5,flat,flat
2020-10-02,base_plus_regime,5,flat,flat
2020-10-05,base_plus_regime,5,up,flat
2020-10-06,base_plus_regime,5,up,flat
2020-10-07,base_plus_regime,5,up,flat
2020-10-08,base_plus_regime,5,up,flat
2020-10-09,base_plus_regime,5,up,flat
2020-10-12,base_plus_regime,5,down,flat
2020-10-13,base_plus_regime,5,flat,flat
2020-10-14,base_plus_regime,5,down,flat
2020-10-15,base_plus_regime,5,down,flat
2020-10-16,base_plus_regime,5,flat,flat
2020-10-19,base_plus_regime,5,flat,up
2020-10-20,base_plus_regime,5,flat,up
2020-10-21,base_plus_regime,5,down,down
2020-10-22,base_plus_regime,5,down,down
2020-10-23,base_plus_regime,5,down,up
2020-10-26,base_plus_regime,5,down,up
2020-10-27,base_plus_regime,5,down,up
2020-10-28,base_plus_regime,5,flat,up
2020-10-29,base_plus_regime,5,down,flat
2020-10-30,base_plus_regime,5,up,flat
2020-11-02,base_plus_regime,5,up,flat
2020-11-03,base_plus_regime,5,up,down
2020-11-04,base_plus_regime,5,flat,flat
2020-11-05,base_plus_regime,5,flat,flat
2020-11-06,base_plus_regime,5,flat,flat
2020-11-09,base_plus_regime,5,flat,flat
2020-11-10,base_plus_regime,5,flat,flat
2020-11-11,base_plus_regime,5,flat,flat
2020-11-12,base_plus_regime,5,flat,flat
2020-11-13,base_plus_regime,5,flat,flat
2020-11-16,base_plus_regime,5,down,flat
2020-11-17,base_plus_regime,5,down,flat
2020-11-18,base_plus_regime,5,down,flat
2020-11-19,base_plus_regime,5,down,flat
2020-11-20,base_plus_regime,5,flat,flat
2020-11-23,base_plus_regime,5,up,flat
2020-11-24,base_plus_regime,5,up,flat
2020-11-25,base_plus_regime,5,up,flat
2020-11-27,base_plus_regime,5,up,flat
2020-11-30,base_plus_regime,5,up,flat
2020-12-01,base_plus_regime,5,flat,flat
2020-12-02,base_plus_regime,5,flat,flat
2020-12-03,base_plus_regime,5,flat,flat
2020-12-04,base_plus_regime,5,flat,flat
2020-12-07,base_plus_regime,5,flat,flat
2020-12-08,base_plus_regime,5,up,flat
2020-12-09,base_plus_regime,5,up,up
2020-12-10,base_plus_regime,5,up,flat
2020-12-11,base_plus_regime,5,up,flat
2020-12-14,base_plus_regime,5,up,flat
2020-12-15,base_plus_regime,5,up,flat
2020-12-16,base_plus_regime,5,up,flat
2020-12-17,base_plus_regime,5,flat,flat
2020-12-18,base_plus_regime,5,up,flat
2020-12-21,base_plus_regime,5,up,flat
2020-12-22,base_plus_regime,5,up,flat
2020-12-23,base_plus_regime,5,up,flat
2020-12-24,base_plus_regime,5,up,flat
2020-12-28,base_plus_regime,5,down,flat
2020-12-29,base_plus_regime,5,down,flat
2020-12-30,base_plus_regime,5,down,flat
2020-12-31,base_plus_regime,5,down,flat
2021-01-04,base_plus_regime,5,flat,flat
2021-01-05,base_plus_regime,5,down,flat
2021-01-06,base_plus_regime,5,up,flat
2021-01-07,base_plus_regime,5,flat,flat
2021-01-08,base_plus_regime,5,down,flat
2021-01-11,base_plus_regime,5,flat,flat
2021-01-12,base_plus_regime,5,flat,flat
2021-01-13,base_plus_regime,5,up,flat
2021-01-14,base_plus_regime,5,up,flat
2021-01-15,base_plus_regime,5,up,up
2021-01-19,base_plus_regime,5,up,down
2021-01-20,base_plus_regime,5,up,down
2021-01-21,base_plus_regime,5,up,down
2021-01-22,base_plus_regime,5,down,up
2021-01-25,base_plus_regime,5,down,up
2021-01-26,base_plus_regime,5,down,up
2021-01-27,base_plus_regime,5,down,flat
2021-01-28,base_plus_regime,5,down,flat
2021-01-29,base_plus_regime,5,up,flat
2021-02-01,base_plus_regime,5,flat,flat
2021-02-02,base_plus_regime,5,flat,flat
2021-02-03,base_plus_regime,5,flat,flat
2021-02-04,base_plus_regime,5,flat,flat
2021-02-05,base_plus_regime,5,flat,flat
2021-02-08,base_plus_regime,5,flat,flat
2021-02-09,base_plus_regime,5,down,flat
2021-02-10,base_plus_regime,5,down,flat
2021-02-11,base_plus_regime,5,down,up
2021-02-12,base_plus_regime,5,down,up
2021-02-16,base_plus_regime,5,down,flat
2021-02-17,base_plus_regime,5,down,down
2021-02-18,base_plus_regime,5,down,flat
2021-02-19,base_plus_regime,5,down,up
2021-02-22,base_plus_regime,5,down,up
2021-02-23,base_plus_regime,5,down,up
2021-02-24,base_plus_regime,5,down,up
2021-02-25,base_plus_regime,5,up,up
2021-02-26,base_plus_regime,5,up,up
2021-03-01,base_plus_regime,5,down,down
2021-03-02,base_plus_regime,5,down,down
2021-03-03,base_plus_regime,5,down,up
2021-03-04,base_plus_regime,5,flat,up
2021-03-05,base_plus_regime,5,down,up
2021-03-08,base_plus_regime,5,up,up
2021-03-09,base_plus_regime,5,flat,down
2021-03-10,base_plus_regime,5,up,down
2021-03-11,base_plus_regime,5,flat,down
2021-03-12,base_plus_regime,5,up,down
2021-03-15,base_plus_regime,5,flat,down
2021-03-16,base_plus_regime,5,down,down
2021-03-17,base_plus_regime,5,down,down
2021-03-18,base_plus_regime,5,flat,flat
2021-03-19,base_plus_regime,5,flat,down
2021-03-22,base_plus_regime,5,flat,flat
2021-03-23,base_plus_regime,5,flat,flat
2021-03-24,base_plus_regime,5,flat,flat
2021-03-25,base_plus_regime,5,flat,flat
2021-03-26,base_plus_regime,5,up,flat
2021-03-29,base_plus_regime,5,up,up
2021-03-30,base_plus_regime,5,up,up
2021-03-31,base_plus_regime,5,up,up
2021-04-01,base_plus_regime,5,up,flat
2021-04-05,base_plus_regime,5,up,flat
2021-04-06,base_plus_regime,5,up,flat
2021-04-07,base_plus_regime,5,up,flat
2021-04-08,base_plus_regime,5,up,flat
2021-04-09,base_plus_regime,5,flat,flat
2021-04-12,base_plus_regime,5,up,flat
2021-04-13,base_plus_regime,5,flat,flat
2021-04-14,base_plus_regime,5,flat,flat
2021-04-15,base_plus_regime,5,flat,flat
2021-04-16,base_plus_regime,5,flat,flat
2021-04-19,base_plus_regime,5,flat,flat
2021-04-20,base_plus_regime,5,flat,up
2021-04-21,base_plus_regime,5,flat,up
2021-04-22,base_plus_regime,5,flat,up
2021-04-23,base_plus_regime,5,flat,up
2021-04-26,base_plus_regime,5,down,up
2021-04-27,base_plus_regime,5,down,up
2021-04-28,base_plus_regime,5,down,up
2021-04-29,base_plus_regime,5,down,up
2021-04-30,base_plus_regime,5,down,up
2021-05-03,base_plus_regime,5,down,up
2021-05-04,base_plus_regime,5,flat,up
2021-05-05,base_plus_regime,5,down,down
2021-05-06,base_plus_regime,5,down,down
2021-05-07,base_plus_regime,5,down,down
2021-05-10,base_plus_regime,5,down,up
2021-05-11,base_plus_regime,5,down,up
2021-05-12,base_plus_regime,5,up,up
2021-05-13,base_plus_regime,5,flat,down
2021-05-14,base_plus_regime,5,flat,down
2021-05-17,base_plus_regime,5,flat,down
2021-05-18,base_plus_regime,5,flat,down
2021-05-19,base_plus_regime,5,flat,down
2021-05-20,base_plus_regime,5,flat,up
2021-05-21,base_plus_regime,5,flat,down
2021-05-24,base_plus_regime,5,flat,up
2021-05-25,base_plus_regime,5,flat,flat
2021-05-26,base_plus_regime,5,down,flat
2021-05-27,base_plus_regime,5,flat,down
2021-05-28,base_plus_regime,5,flat,down
2021-06-01,base_plus_regime,5,up,up
2021-06-02,base_plus_regime,5,flat,down
2021-06-03,base_plus_regime,5,up,down
2021-06-04,base_plus_regime,5,flat,down
2021-06-07,base_plus_regime,5,up,down
2021-06-08,base_plus_regime,5,up,down
2021-06-09,base_plus_regime,5,up,down
2021-06-10,base_plus_regime,5,up,down
2021-06-11,base_plus_regime,5,up,up
2021-06-14,base_plus_regime,5,flat,down
2021-06-15,base_plus_regime,5,up,flat
2021-06-16,base_plus_regime,5,up,flat
2021-06-17,base_plus_regime,5,flat,down
2021-06-18,base_plus_regime,5,up,down
2021-06-21,base_plus_regime,5,up,flat
2021-06-22,base_plus_regime,5,flat,up
2021-06-23,base_plus_regime,5,up,up
2021-06-24,base_plus_regime,5,up,up
2021-06-25,base_plus_regime,5,up,up
2021-06-28,base_plus_regime,5,up,up
2021-06-29,base_plus_regime,5,up,down
2021-06-30,base_plus_regime,5,up,down
2021-07-01,base_plus_regime,5,up,down
2021-07-02,base_plus_regime,5,up,down
2021-07-06,base_plus_regime,5,up,down
2021-07-07,base_plus_regime,5,up,down
2021-07-08,base_plus_regime,5,up,flat
2021-07-09,base_plus_regime,5,up,down
2021-07-12,base_plus_regime,5,up,down
2021-07-13,base_plus_regime,5,up,down
2021-07-14,base_plus_regime,5,down,down
2021-07-15,base_plus_regime,5,down,down
2021-07-16,base_plus_regime,5,down,down
2021-07-19,base_plus_regime,5,up,up
2021-07-20,base_plus_regime,5,flat,up
2021-07-21,base_plus_regime,5,up,up
2021-07-22,base_plus_regime,5,flat,up
2021-07-23,base_plus_regime,5,down,up
2021-07-26,base_plus_regime,5,down,up
2021-07-27,base_plus_regime,5,flat,up
2021-07-28,base_plus_regime,5,flat,up
2021-07-29,base_plus_regime,5,flat,up
2021-07-30,base_plus_regime,5,flat,up
2021-08-02,base_plus_regime,5,flat,up
2021-08-03,base_plus_regime,5,flat,up
2021-08-04,base_plus_regime,5,flat,up
2021-08-05,base_plus_regime,5,flat,up
2021-08-06,base_plus_regime,5,up,up
2021-08-09,base_plus_regime,5,up,up
2021-08-10,base_plus_regime,5,up,up
2021-08-11,base_plus_regime,5,up,up
2021-08-12,base_plus_regime,5,down,up
2021-08-13,base_plus_regime,5,down,up
2021-08-16,base_plus_regime,5,down,up
2021-08-17,base_plus_regime,5,down,up
2021-08-18,base_plus_regime,5,up,up
2021-08-19,base_plus_regime,5,up,up
2021-08-20,base_plus_regime,5,flat,up
2021-08-23,base_plus_regime,5,up,down
2021-08-24,base_plus_regime,5,up,down
2021-08-25,base_plus_regime,5,up,down
2021-08-26,base_plus_regime,5,up,up
2021-08-27,base_plus_regime,5,up,up
2021-08-30,base_plus_regime,5,up,down
2021-08-31,base_plus_regime,5,up,down
2021-09-01,base_plus_regime,5,up,flat
2021-09-02,base_plus_regime,5,up,flat
2021-09-03,base_plus_regime,5,down,down
2021-09-07,base_plus_regime,5,down,down
2021-09-08,base_plus_regime,5,down,down
2021-09-09,base_plus_regime,5,down,down
2021-09-10,base_plus_regime,5,flat,up
2021-09-13,base_plus_regime,5,down,flat
2021-09-14,base_plus_regime,5,down,down
2021-09-15,base_plus_regime,5,down,down
2021-09-16,base_plus_regime,5,down,down
2021-09-17,base_plus_regime,5,down,down
2021-09-20,base_plus_regime,5,up,up
2021-09-21,base_plus_regime,5,up,up
2021-09-22,base_plus_regime,5,down,down
2021-09-23,base_plus_regime,5,down,down
2021-09-24,base_plus_regime,5,down,flat
2021-09-27,base_plus_regime,5,down,down
2021-09-28,base_plus_regime,5,flat,up
2021-09-29,base_plus_regime,5,down,down
2021-09-30,base_plus_regime,5,flat,up
2021-10-01,base_plus_regime,5,down,down
2021-10-04,base_plus_regime,5,up,up
2021-10-05,base_plus_regime,5,flat,down
2021-10-06,base_plus_regime,5,flat,down
2021-10-07,base_plus_regime,5,flat,down
2021-10-08,base_plus_regime,5,flat,down
2021-10-11,base_plus_regime,5,up,down
2021-10-12,base_plus_regime,5,up,up
2021-10-13,base_plus_regime,5,up,up
2021-10-14,base_plus_regime,5,up,flat
2021-10-15,base_plus_regime,5,up,flat
2021-10-18,base_plus_regime,5,up,down
2021-10-19,base_plus_regime,5,flat,down
2021-10-20,base_plus_regime,5,flat,down
2021-10-21,base_plus_regime,5,up,up
2021-10-22,base_plus_regime,5,up,down
2021-10-25,base_plus_regime,5,up,down
2021-10-26,base_plus_regime,5,up,up
2021-10-27,base_plus_regime,5,up,up
2021-10-28,base_plus_regime,5,down,up
2021-10-29,base_plus_regime,5,flat,up
2021-11-01,base_plus_regime,5,flat,down
2021-11-02,base_plus_regime,5,flat,down
2021-11-03,base_plus_regime,5,down,down
2021-11-04,base_plus_regime,5,down,down
2021-11-05,base_plus_regime,5,down,down
2021-11-08,base_plus_regime,5,down,down
2021-11-09,base_plus_regime,5,down,up
2021-11-10,base_plus_regime,5,up,up
2021-11-11,base_plus_regime,5,up,down
2021-11-12,base_plus_regime,5,up,down
2021-11-15,base_plus_regime,5,up,down
2021-11-16,base_plus_regime,5,up,flat
2021-11-17,base_plus_regime,5,up,up
2021-11-18,base_plus_regime,5,up,down
2021-11-19,base_plus_regime,5,down,up
2021-11-22,base_plus_regime,5,down,up
2021-11-23,base_plus_regime,5,down,down
2021-11-24,base_plus_regime,5,down,down
2021-11-26,base_plus_regime,5,up,up
2021-11-29,base_plus_regime,5,up,flat
2021-11-30,base_plus_regime,5,up,flat
2021-12-01,base_plus_regime,5,up,flat
2021-12-02,base_plus_regime,5,up,flat
2021-12-03,base_plus_regime,5,up,flat
2021-12-06,base_plus_regime,5,up,flat
2021-12-07,base_plus_regime,5,up,flat
2021-12-08,base_plus_regime,5,flat,flat
2021-12-09,base_plus_regime,5,up,flat
2021-12-10,base_plus_regime,5,down,flat
2021-12-13,base_plus_regime,5,down,flat
2021-12-14,base_plus_regime,5,up,flat
2021-12-15,base_plus_regime,5,down,flat
2021-12-16,base_plus_regime,5,flat,flat
2021-12-17,base_plus_regime,5,up,flat
2021-12-20,base_plus_regime,5,up,flat
2021-12-21,base_plus_regime,5,up,flat
2021-12-22,base_plus_regime,5,flat,flat
2021-12-23,base_plus_regime,5,flat,flat
2021-12-27,base_plus_regime,5,flat,flat
2021-12-28,base_plus_regime,5,flat,flat
2021-12-29,base_plus_regime,5,flat,flat
2021-12-30,base_plus_regime,5,down,flat
2021-12-31,base_plus_regime,5,up,flat
2022-01-03,base_plus_regime,5,down,flat
2022-01-04,base_plus_regime,5,down,flat
2022-01-05,base_plus_regime,5,flat,up
2022-01-06,base_plus_regime,5,flat,up
2022-01-07,base_plus_regime,5,flat,up
2022-01-10,base_plus_regime,5,flat,up
2022-01-11,base_plus_regime,5,down,flat
2022-01-12,base_plus_regime,5,down,flat
2022-01-13,base_plus_regime,5,down,up
2022-01-14,base_plus_regime,5,down,up
2022-01-18,base_plus_regime,5,down,down
2022-01-19,base_plus_regime,5,down,up
2022-01-20,base_plus_regime,5,down,up
2022-01-21,base_plus_regime,5,up,up
2022-01-24,base_plus_regime,5,up,up
2022-01-25,base_plus_regime,5,up,up
2022-01-26,base_plus_regime,5,up,up
2022-01-27,base_plus_regime,5,up,down
2022-01-28,base_plus_regime,5,flat,up
2022-01-31,base_plus_regime,5,flat,flat
2022-02-01,base_plus_regime,5,flat,flat
2022-02-02,base_plus_regime,5,flat,flat
2022-02-03,base_plus_regime,5,flat,flat
2022-02-04,base_plus_regime,5,flat,flat
2022-02-07,base_plus_regime,5,flat,flat
2022-02-08,base_plus_regime,5,down,flat
2022-02-09,base_plus_regime,5,down,flat
2022-02-10,base_plus_regime,5,flat,flat
2022-02-11,base_plus_regime,5,flat,flat
2022-02-14,base_plus_regime,5,flat,flat
2022-02-15,base_plus_regime,5,down,flat
2022-02-16,base_plus_regime,5,down,flat
2022-02-17,base_plus_regime,5,down,flat
2022-02-18,base_plus_regime,5,down,flat
2022-02-22,base_plus_regime,5,flat,flat
2022-02-23,base_plus_regime,5,up,up
2022-02-24,base_plus_regime,5,flat,up
2022-02-25,base_plus_regime,5,flat,flat
2022-02-28,base_plus_regime,5,down,up
2022-03-01,base_plus_regime,5,down,down
2022-03-02,base_plus_regime,5,down,down
2022-03-03,base_plus_regime,5,down,down
2022-03-04,base_plus_regime,5,down,up
2022-03-07,base_plus_regime,5,down,up
2022-03-08,base_plus_regime,5,up,up
2022-03-09,base_plus_regime,5,down,up
2022-03-10,base_plus_regime,5,down,down
2022-03-11,base_plus_regime,5,up,down
2022-03-14,base_plus_regime,5,up,down
2022-03-15,base_plus_regime,5,up,down
2022-03-16,base_plus_regime,5,up,down
2022-03-17,base_plus_regime,5,up,down
